[0.000000] (-) TimerEvent: {}
[0.000371] (lidar_test) JobQueued: {'identifier': 'lidar_test', 'dependencies': OrderedDict()}
[0.000739] (lslidar_msgs) JobQueued: {'identifier': 'lslidar_msgs', 'dependencies': OrderedDict()}
[0.000897] (my_base) JobQueued: {'identifier': 'my_base', 'dependencies': OrderedDict()}
[0.001124] (robot_control) JobQueued: {'identifier': 'robot_control', 'dependencies': OrderedDict()}
[0.001175] (tbot_description) JobQueued: {'identifier': 'tbot_description', 'dependencies': OrderedDict()}
[0.001214] (lslidar_driver) JobQueued: {'identifier': 'lslidar_driver', 'dependencies': OrderedDict({'lslidar_msgs': '/home/pi/Desktop/robot_move/install/lslidar_msgs'})}
[0.001259] (lslidar_msgs) JobStarted: {'identifier': 'lslidar_msgs'}
[0.009501] (lidar_test) JobStarted: {'identifier': 'lidar_test'}
[0.022419] (my_base) JobStarted: {'identifier': 'my_base'}
[0.042041] (robot_control) JobStarted: {'identifier': 'robot_control'}
[0.053669] (lslidar_msgs) JobProgress: {'identifier': 'lslidar_msgs', 'progress': 'cmake'}
[0.054557] (lslidar_msgs) JobProgress: {'identifier': 'lslidar_msgs', 'progress': 'build'}
[0.055427] (lslidar_msgs) Command: {'cmd': ['/usr/bin/cmake', '--build', '/home/pi/Desktop/robot_move/build/lslidar_msgs', '--', '-j4', '-l4'], 'cwd': '/home/pi/Desktop/robot_move/build/lslidar_msgs', 'env': OrderedDict({'USER': 'pi', 'SSH_CLIENT': '172.20.0.79 61948 22', 'XDG_SESSION_TYPE': 'tty', 'GIT_ASKPASS': '/home/pi/.vscode-server/cli/servers/Stable-8761a5560cfd65fdd19ce7e2bd18dab5c0a4d84e/server/extensions/git/dist/askpass.sh', 'SHLVL': '1', 'LD_LIBRARY_PATH': '/home/pi/Desktop/robot_move/my_base_learn/install/lslidar_msgs/lib:/opt/ros/jazzy/opt/rviz_ogre_vendor/lib:/opt/ros/jazzy/lib/aarch64-linux-gnu:/opt/ros/jazzy/opt/gz_math_vendor/lib:/opt/ros/jazzy/opt/gz_utils_vendor/lib:/opt/ros/jazzy/opt/gz_cmake_vendor/lib:/opt/ros/jazzy/lib', 'BROWSER': '/home/pi/.vscode-server/cli/servers/Stable-8761a5560cfd65fdd19ce7e2bd18dab5c0a4d84e/server/bin/helpers/browser.sh', 'HOME': '/home/pi', 'OLDPWD': '/home/pi/.vscode-server', 'TERM_PROGRAM_VERSION': '1.122.1', 'VSCODE_IPC_HOOK_CLI': '/run/user/1002/vscode-ipc-d22d1906-39e3-48e4-80f7-8c63c4c9f63b.sock', 'ROS_PYTHON_VERSION': '3', 'VSCODE_GIT_ASKPASS_MAIN': '/home/pi/.vscode-server/cli/servers/Stable-8761a5560cfd65fdd19ce7e2bd18dab5c0a4d84e/server/extensions/git/dist/askpass-main.js', 'VSCODE_GIT_ASKPASS_NODE': '/home/pi/.vscode-server/cli/servers/Stable-8761a5560cfd65fdd19ce7e2bd18dab5c0a4d84e/server/node', 'VSCODE_PYTHON_AUTOACTIVATE_GUARD': '1', 'DBUS_SESSION_BUS_ADDRESS': 'unix:path=/run/user/1002/bus', 'COLORTERM': 'truecolor', 'DEBUGINFOD_URLS': 'https://debuginfod.ubuntu.com', 'COLCON_PREFIX_PATH': '/home/pi/Desktop/robot_move/my_base_learn/install', 'ROS_DISTRO': 'jazzy', 'LOGNAME': 'pi', '_': '/usr/bin/colcon', 'ROS_VERSION': '2', 'XDG_SESSION_CLASS': 'user', 'TERM': 'xterm-256color', 'XDG_SESSION_ID': '4', 'PATH': '/home/pi/.vscode-server/cli/servers/Stable-8761a5560cfd65fdd19ce7e2bd18dab5c0a4d84e/server/bin/remote-cli:/opt/ros/jazzy/bin:/usr/local/sbin:/usr/local/bin:/usr/sbin:/usr/bin:/sbin:/bin:/usr/games:/usr/local/games:/snap/bin', 'XDG_RUNTIME_DIR': '/run/user/1002', 'LANG': 'en_US.UTF-8', 'VSCODE_GIT_IPC_HANDLE': '/run/user/1002/vscode-git-c742cdeaad.sock', 'TERM_PROGRAM': 'vscode', 'AMENT_PREFIX_PATH': '/home/pi/Desktop/robot_move/my_base_learn/install/tbot_description:/home/pi/Desktop/robot_move/my_base_learn/install/robot_control:/home/pi/Desktop/robot_move/my_base_learn/install/my_base:/home/pi/Desktop/robot_move/my_base_learn/install/lslidar_driver:/home/pi/Desktop/robot_move/my_base_learn/install/lslidar_msgs:/home/pi/Desktop/robot_move/my_base_learn/install/lidar_test:/opt/ros/jazzy', 'SHELL': '/bin/bash', 'ROS_AUTOMATIC_DISCOVERY_RANGE': 'SUBNET', 'VSCODE_GIT_ASKPASS_EXTRA_ARGS': '', 'PWD': '/home/pi/Desktop/robot_move/build/lslidar_msgs', 'LC_ALL': 'en_US.UTF-8', 'SSH_CONNECTION': '172.20.0.79 61948 172.20.1.242 22', 'XDG_DATA_DIRS': '/usr/share/gnome:/usr/local/share:/usr/share:/var/lib/snapd/desktop', 'PYTHONPATH': '/home/pi/Desktop/robot_move/my_base_learn/install/robot_control/lib/python3.12/site-packages:/home/pi/Desktop/robot_move/my_base_learn/install/lslidar_msgs/lib/python3.12/site-packages:/home/pi/Desktop/robot_move/my_base_learn/install/lidar_test/lib/python3.12/site-packages:/opt/ros/jazzy/lib/python3.12/site-packages', 'COLCON': '1', 'CMAKE_PREFIX_PATH': '/home/pi/Desktop/robot_move/my_base_learn/install/tbot_description:/home/pi/Desktop/robot_move/my_base_learn/install/my_base:/home/pi/Desktop/robot_move/my_base_learn/install/lslidar_driver:/home/pi/Desktop/robot_move/my_base_learn/install/lslidar_msgs:/opt/ros/jazzy/opt/gz_math_vendor:/opt/ros/jazzy/opt/gz_utils_vendor:/opt/ros/jazzy/opt/gz_cmake_vendor:/home/pi/Desktop/robot_move/my_base_learn/install/robot_control:/home/pi/Desktop/robot_move/my_base_learn/install/lidar_test:/opt/ros/jazzy'}), 'shell': False}
[0.099701] (-) TimerEvent: {}
[0.202342] (-) TimerEvent: {}
[0.302933] (-) TimerEvent: {}
[0.404287] (-) TimerEvent: {}
[0.506029] (-) TimerEvent: {}
[0.587527] (my_base) JobProgress: {'identifier': 'my_base', 'progress': 'cmake'}
[0.587715] (my_base) JobProgress: {'identifier': 'my_base', 'progress': 'build'}
[0.587793] (my_base) Command: {'cmd': ['/usr/bin/cmake', '--build', '/home/pi/Desktop/robot_move/build/my_base', '--', '-j4', '-l4'], 'cwd': '/home/pi/Desktop/robot_move/build/my_base', 'env': OrderedDict({'USER': 'pi', 'SSH_CLIENT': '172.20.0.79 61948 22', 'XDG_SESSION_TYPE': 'tty', 'GIT_ASKPASS': '/home/pi/.vscode-server/cli/servers/Stable-8761a5560cfd65fdd19ce7e2bd18dab5c0a4d84e/server/extensions/git/dist/askpass.sh', 'SHLVL': '1', 'LD_LIBRARY_PATH': '/home/pi/Desktop/robot_move/my_base_learn/install/lslidar_msgs/lib:/opt/ros/jazzy/opt/rviz_ogre_vendor/lib:/opt/ros/jazzy/lib/aarch64-linux-gnu:/opt/ros/jazzy/opt/gz_math_vendor/lib:/opt/ros/jazzy/opt/gz_utils_vendor/lib:/opt/ros/jazzy/opt/gz_cmake_vendor/lib:/opt/ros/jazzy/lib', 'BROWSER': '/home/pi/.vscode-server/cli/servers/Stable-8761a5560cfd65fdd19ce7e2bd18dab5c0a4d84e/server/bin/helpers/browser.sh', 'HOME': '/home/pi', 'OLDPWD': '/home/pi/.vscode-server', 'TERM_PROGRAM_VERSION': '1.122.1', 'VSCODE_IPC_HOOK_CLI': '/run/user/1002/vscode-ipc-d22d1906-39e3-48e4-80f7-8c63c4c9f63b.sock', 'ROS_PYTHON_VERSION': '3', 'VSCODE_GIT_ASKPASS_MAIN': '/home/pi/.vscode-server/cli/servers/Stable-8761a5560cfd65fdd19ce7e2bd18dab5c0a4d84e/server/extensions/git/dist/askpass-main.js', 'VSCODE_GIT_ASKPASS_NODE': '/home/pi/.vscode-server/cli/servers/Stable-8761a5560cfd65fdd19ce7e2bd18dab5c0a4d84e/server/node', 'VSCODE_PYTHON_AUTOACTIVATE_GUARD': '1', 'DBUS_SESSION_BUS_ADDRESS': 'unix:path=/run/user/1002/bus', 'COLORTERM': 'truecolor', 'DEBUGINFOD_URLS': 'https://debuginfod.ubuntu.com', 'COLCON_PREFIX_PATH': '/home/pi/Desktop/robot_move/my_base_learn/install', 'ROS_DISTRO': 'jazzy', 'LOGNAME': 'pi', '_': '/usr/bin/colcon', 'ROS_VERSION': '2', 'XDG_SESSION_CLASS': 'user', 'TERM': 'xterm-256color', 'XDG_SESSION_ID': '4', 'PATH': '/home/pi/.vscode-server/cli/servers/Stable-8761a5560cfd65fdd19ce7e2bd18dab5c0a4d84e/server/bin/remote-cli:/opt/ros/jazzy/bin:/usr/local/sbin:/usr/local/bin:/usr/sbin:/usr/bin:/sbin:/bin:/usr/games:/usr/local/games:/snap/bin', 'XDG_RUNTIME_DIR': '/run/user/1002', 'LANG': 'en_US.UTF-8', 'VSCODE_GIT_IPC_HANDLE': '/run/user/1002/vscode-git-c742cdeaad.sock', 'TERM_PROGRAM': 'vscode', 'AMENT_PREFIX_PATH': '/home/pi/Desktop/robot_move/my_base_learn/install/tbot_description:/home/pi/Desktop/robot_move/my_base_learn/install/robot_control:/home/pi/Desktop/robot_move/my_base_learn/install/my_base:/home/pi/Desktop/robot_move/my_base_learn/install/lslidar_driver:/home/pi/Desktop/robot_move/my_base_learn/install/lslidar_msgs:/home/pi/Desktop/robot_move/my_base_learn/install/lidar_test:/opt/ros/jazzy', 'SHELL': '/bin/bash', 'ROS_AUTOMATIC_DISCOVERY_RANGE': 'SUBNET', 'VSCODE_GIT_ASKPASS_EXTRA_ARGS': '', 'PWD': '/home/pi/Desktop/robot_move/build/my_base', 'LC_ALL': 'en_US.UTF-8', 'SSH_CONNECTION': '172.20.0.79 61948 172.20.1.242 22', 'XDG_DATA_DIRS': '/usr/share/gnome:/usr/local/share:/usr/share:/var/lib/snapd/desktop', 'PYTHONPATH': '/home/pi/Desktop/robot_move/my_base_learn/install/robot_control/lib/python3.12/site-packages:/home/pi/Desktop/robot_move/my_base_learn/install/lslidar_msgs/lib/python3.12/site-packages:/home/pi/Desktop/robot_move/my_base_learn/install/lidar_test/lib/python3.12/site-packages:/opt/ros/jazzy/lib/python3.12/site-packages', 'COLCON': '1', 'CMAKE_PREFIX_PATH': '/home/pi/Desktop/robot_move/my_base_learn/install/tbot_description:/home/pi/Desktop/robot_move/my_base_learn/install/my_base:/home/pi/Desktop/robot_move/my_base_learn/install/lslidar_driver:/home/pi/Desktop/robot_move/my_base_learn/install/lslidar_msgs:/opt/ros/jazzy/opt/gz_math_vendor:/opt/ros/jazzy/opt/gz_utils_vendor:/opt/ros/jazzy/opt/gz_cmake_vendor:/home/pi/Desktop/robot_move/my_base_learn/install/robot_control:/home/pi/Desktop/robot_move/my_base_learn/install/lidar_test:/opt/ros/jazzy'}), 'shell': False}
[0.597639] (lslidar_msgs) StdoutLine: {'line': b'[  1%] Built target lslidar_msgs__rosidl_generator_type_description\n'}
[0.597954] (lslidar_msgs) StdoutLine: {'line': b'[  1%] Built target ament_cmake_python_copy_lslidar_msgs\n'}
[0.598107] (lslidar_msgs) StdoutLine: {'line': b'[  2%] Built target lslidar_msgs__cpp\n'}
[0.598265] (lslidar_msgs) StdoutLine: {'line': b'[ 25%] Built target lslidar_msgs__rosidl_generator_c\n'}
[0.598399] (lslidar_msgs) StdoutLine: {'line': b'[ 35%] Built target lslidar_msgs__rosidl_typesupport_cpp\n'}
[0.598544] (lslidar_msgs) StdoutLine: {'line': b'[ 44%] Built target lslidar_msgs__rosidl_typesupport_fastrtps_c\n'}
[0.604507] (lslidar_msgs) StdoutLine: {'line': b'[ 54%] Built target lslidar_msgs__rosidl_typesupport_introspection_c\n'}
[0.605961] (lslidar_msgs) StdoutLine: {'line': b'[ 63%] Built target lslidar_msgs__rosidl_typesupport_fastrtps_cpp\n'}
[0.606142] (-) TimerEvent: {}
[0.606331] (lslidar_msgs) StdoutLine: {'line': b'[ 72%] Built target lslidar_msgs__rosidl_typesupport_c\n'}
[0.657654] (lslidar_msgs) StdoutLine: {'line': b'[ 82%] Built target lslidar_msgs__rosidl_typesupport_introspection_cpp\n'}
[0.666795] (lslidar_msgs) StdoutLine: {'line': b'running egg_info\n'}
[0.705856] (lslidar_msgs) StdoutLine: {'line': b'[ 82%] Built target lslidar_msgs\n'}
[0.706244] (-) TimerEvent: {}
[0.712240] (lslidar_msgs) StdoutLine: {'line': b'writing lslidar_msgs.egg-info/PKG-INFO\n'}
[0.712826] (lslidar_msgs) StdoutLine: {'line': b'writing dependency_links to lslidar_msgs.egg-info/dependency_links.txt\n'}
[0.713164] (lslidar_msgs) StdoutLine: {'line': b'writing top-level names to lslidar_msgs.egg-info/top_level.txt\n'}
[0.751170] (lslidar_msgs) StdoutLine: {'line': b'[ 83%] Built target lslidar_msgs__py\n'}
[0.773951] (my_base) StdoutLine: {'line': b'[100%] Built target my_base\n'}
[0.807649] (-) TimerEvent: {}
[0.812347] (lslidar_msgs) StdoutLine: {'line': b"reading manifest file 'lslidar_msgs.egg-info/SOURCES.txt'\n"}
[0.813977] (lslidar_msgs) StdoutLine: {'line': b"writing manifest file 'lslidar_msgs.egg-info/SOURCES.txt'\n"}
[0.823883] (lslidar_msgs) StdoutLine: {'line': b'[ 91%] Built target lslidar_msgs__rosidl_generator_py\n'}
[0.907756] (lslidar_msgs) StdoutLine: {'line': b'[ 91%] Built target ament_cmake_python_build_lslidar_msgs_egg\n'}
[0.908070] (-) TimerEvent: {}
[0.984202] (lslidar_msgs) StdoutLine: {'line': b'[ 95%] Built target lslidar_msgs_s__rosidl_typesupport_fastrtps_c\n'}
[0.985865] (lslidar_msgs) StdoutLine: {'line': b'[ 97%] Built target lslidar_msgs_s__rosidl_typesupport_c\n'}
[0.987863] (lslidar_msgs) StdoutLine: {'line': b'[100%] Built target lslidar_msgs_s__rosidl_typesupport_introspection_c\n'}
[1.008215] (-) TimerEvent: {}
[1.065705] (my_base) CommandEnded: {'returncode': 0}
[1.066751] (my_base) JobProgress: {'identifier': 'my_base', 'progress': 'install'}
[1.086638] (my_base) Command: {'cmd': ['/usr/bin/cmake', '--install', '/home/pi/Desktop/robot_move/build/my_base'], 'cwd': '/home/pi/Desktop/robot_move/build/my_base', 'env': OrderedDict({'USER': 'pi', 'SSH_CLIENT': '172.20.0.79 61948 22', 'XDG_SESSION_TYPE': 'tty', 'GIT_ASKPASS': '/home/pi/.vscode-server/cli/servers/Stable-8761a5560cfd65fdd19ce7e2bd18dab5c0a4d84e/server/extensions/git/dist/askpass.sh', 'SHLVL': '1', 'LD_LIBRARY_PATH': '/home/pi/Desktop/robot_move/my_base_learn/install/lslidar_msgs/lib:/opt/ros/jazzy/opt/rviz_ogre_vendor/lib:/opt/ros/jazzy/lib/aarch64-linux-gnu:/opt/ros/jazzy/opt/gz_math_vendor/lib:/opt/ros/jazzy/opt/gz_utils_vendor/lib:/opt/ros/jazzy/opt/gz_cmake_vendor/lib:/opt/ros/jazzy/lib', 'BROWSER': '/home/pi/.vscode-server/cli/servers/Stable-8761a5560cfd65fdd19ce7e2bd18dab5c0a4d84e/server/bin/helpers/browser.sh', 'HOME': '/home/pi', 'OLDPWD': '/home/pi/.vscode-server', 'TERM_PROGRAM_VERSION': '1.122.1', 'VSCODE_IPC_HOOK_CLI': '/run/user/1002/vscode-ipc-d22d1906-39e3-48e4-80f7-8c63c4c9f63b.sock', 'ROS_PYTHON_VERSION': '3', 'VSCODE_GIT_ASKPASS_MAIN': '/home/pi/.vscode-server/cli/servers/Stable-8761a5560cfd65fdd19ce7e2bd18dab5c0a4d84e/server/extensions/git/dist/askpass-main.js', 'VSCODE_GIT_ASKPASS_NODE': '/home/pi/.vscode-server/cli/servers/Stable-8761a5560cfd65fdd19ce7e2bd18dab5c0a4d84e/server/node', 'VSCODE_PYTHON_AUTOACTIVATE_GUARD': '1', 'DBUS_SESSION_BUS_ADDRESS': 'unix:path=/run/user/1002/bus', 'COLORTERM': 'truecolor', 'DEBUGINFOD_URLS': 'https://debuginfod.ubuntu.com', 'COLCON_PREFIX_PATH': '/home/pi/Desktop/robot_move/my_base_learn/install', 'ROS_DISTRO': 'jazzy', 'LOGNAME': 'pi', '_': '/usr/bin/colcon', 'ROS_VERSION': '2', 'XDG_SESSION_CLASS': 'user', 'TERM': 'xterm-256color', 'XDG_SESSION_ID': '4', 'PATH': '/home/pi/.vscode-server/cli/servers/Stable-8761a5560cfd65fdd19ce7e2bd18dab5c0a4d84e/server/bin/remote-cli:/opt/ros/jazzy/bin:/usr/local/sbin:/usr/local/bin:/usr/sbin:/usr/bin:/sbin:/bin:/usr/games:/usr/local/games:/snap/bin', 'XDG_RUNTIME_DIR': '/run/user/1002', 'LANG': 'en_US.UTF-8', 'VSCODE_GIT_IPC_HANDLE': '/run/user/1002/vscode-git-c742cdeaad.sock', 'TERM_PROGRAM': 'vscode', 'AMENT_PREFIX_PATH': '/home/pi/Desktop/robot_move/my_base_learn/install/tbot_description:/home/pi/Desktop/robot_move/my_base_learn/install/robot_control:/home/pi/Desktop/robot_move/my_base_learn/install/my_base:/home/pi/Desktop/robot_move/my_base_learn/install/lslidar_driver:/home/pi/Desktop/robot_move/my_base_learn/install/lslidar_msgs:/home/pi/Desktop/robot_move/my_base_learn/install/lidar_test:/opt/ros/jazzy', 'SHELL': '/bin/bash', 'ROS_AUTOMATIC_DISCOVERY_RANGE': 'SUBNET', 'VSCODE_GIT_ASKPASS_EXTRA_ARGS': '', 'PWD': '/home/pi/Desktop/robot_move/build/my_base', 'LC_ALL': 'en_US.UTF-8', 'SSH_CONNECTION': '172.20.0.79 61948 172.20.1.242 22', 'XDG_DATA_DIRS': '/usr/share/gnome:/usr/local/share:/usr/share:/var/lib/snapd/desktop', 'PYTHONPATH': '/home/pi/Desktop/robot_move/my_base_learn/install/robot_control/lib/python3.12/site-packages:/home/pi/Desktop/robot_move/my_base_learn/install/lslidar_msgs/lib/python3.12/site-packages:/home/pi/Desktop/robot_move/my_base_learn/install/lidar_test/lib/python3.12/site-packages:/opt/ros/jazzy/lib/python3.12/site-packages', 'COLCON': '1', 'CMAKE_PREFIX_PATH': '/home/pi/Desktop/robot_move/my_base_learn/install/tbot_description:/home/pi/Desktop/robot_move/my_base_learn/install/my_base:/home/pi/Desktop/robot_move/my_base_learn/install/lslidar_driver:/home/pi/Desktop/robot_move/my_base_learn/install/lslidar_msgs:/opt/ros/jazzy/opt/gz_math_vendor:/opt/ros/jazzy/opt/gz_utils_vendor:/opt/ros/jazzy/opt/gz_cmake_vendor:/home/pi/Desktop/robot_move/my_base_learn/install/robot_control:/home/pi/Desktop/robot_move/my_base_learn/install/lidar_test:/opt/ros/jazzy'}), 'shell': False}
[1.091331] (lslidar_msgs) CommandEnded: {'returncode': 0}
[1.092081] (lslidar_msgs) JobProgress: {'identifier': 'lslidar_msgs', 'progress': 'install'}
[1.103183] (lslidar_msgs) Command: {'cmd': ['/usr/bin/cmake', '--install', '/home/pi/Desktop/robot_move/build/lslidar_msgs'], 'cwd': '/home/pi/Desktop/robot_move/build/lslidar_msgs', 'env': OrderedDict({'USER': 'pi', 'SSH_CLIENT': '172.20.0.79 61948 22', 'XDG_SESSION_TYPE': 'tty', 'GIT_ASKPASS': '/home/pi/.vscode-server/cli/servers/Stable-8761a5560cfd65fdd19ce7e2bd18dab5c0a4d84e/server/extensions/git/dist/askpass.sh', 'SHLVL': '1', 'LD_LIBRARY_PATH': '/home/pi/Desktop/robot_move/my_base_learn/install/lslidar_msgs/lib:/opt/ros/jazzy/opt/rviz_ogre_vendor/lib:/opt/ros/jazzy/lib/aarch64-linux-gnu:/opt/ros/jazzy/opt/gz_math_vendor/lib:/opt/ros/jazzy/opt/gz_utils_vendor/lib:/opt/ros/jazzy/opt/gz_cmake_vendor/lib:/opt/ros/jazzy/lib', 'BROWSER': '/home/pi/.vscode-server/cli/servers/Stable-8761a5560cfd65fdd19ce7e2bd18dab5c0a4d84e/server/bin/helpers/browser.sh', 'HOME': '/home/pi', 'OLDPWD': '/home/pi/.vscode-server', 'TERM_PROGRAM_VERSION': '1.122.1', 'VSCODE_IPC_HOOK_CLI': '/run/user/1002/vscode-ipc-d22d1906-39e3-48e4-80f7-8c63c4c9f63b.sock', 'ROS_PYTHON_VERSION': '3', 'VSCODE_GIT_ASKPASS_MAIN': '/home/pi/.vscode-server/cli/servers/Stable-8761a5560cfd65fdd19ce7e2bd18dab5c0a4d84e/server/extensions/git/dist/askpass-main.js', 'VSCODE_GIT_ASKPASS_NODE': '/home/pi/.vscode-server/cli/servers/Stable-8761a5560cfd65fdd19ce7e2bd18dab5c0a4d84e/server/node', 'VSCODE_PYTHON_AUTOACTIVATE_GUARD': '1', 'DBUS_SESSION_BUS_ADDRESS': 'unix:path=/run/user/1002/bus', 'COLORTERM': 'truecolor', 'DEBUGINFOD_URLS': 'https://debuginfod.ubuntu.com', 'COLCON_PREFIX_PATH': '/home/pi/Desktop/robot_move/my_base_learn/install', 'ROS_DISTRO': 'jazzy', 'LOGNAME': 'pi', '_': '/usr/bin/colcon', 'ROS_VERSION': '2', 'XDG_SESSION_CLASS': 'user', 'TERM': 'xterm-256color', 'XDG_SESSION_ID': '4', 'PATH': '/home/pi/.vscode-server/cli/servers/Stable-8761a5560cfd65fdd19ce7e2bd18dab5c0a4d84e/server/bin/remote-cli:/opt/ros/jazzy/bin:/usr/local/sbin:/usr/local/bin:/usr/sbin:/usr/bin:/sbin:/bin:/usr/games:/usr/local/games:/snap/bin', 'XDG_RUNTIME_DIR': '/run/user/1002', 'LANG': 'en_US.UTF-8', 'VSCODE_GIT_IPC_HANDLE': '/run/user/1002/vscode-git-c742cdeaad.sock', 'TERM_PROGRAM': 'vscode', 'AMENT_PREFIX_PATH': '/home/pi/Desktop/robot_move/my_base_learn/install/tbot_description:/home/pi/Desktop/robot_move/my_base_learn/install/robot_control:/home/pi/Desktop/robot_move/my_base_learn/install/my_base:/home/pi/Desktop/robot_move/my_base_learn/install/lslidar_driver:/home/pi/Desktop/robot_move/my_base_learn/install/lslidar_msgs:/home/pi/Desktop/robot_move/my_base_learn/install/lidar_test:/opt/ros/jazzy', 'SHELL': '/bin/bash', 'ROS_AUTOMATIC_DISCOVERY_RANGE': 'SUBNET', 'VSCODE_GIT_ASKPASS_EXTRA_ARGS': '', 'PWD': '/home/pi/Desktop/robot_move/build/lslidar_msgs', 'LC_ALL': 'en_US.UTF-8', 'SSH_CONNECTION': '172.20.0.79 61948 172.20.1.242 22', 'XDG_DATA_DIRS': '/usr/share/gnome:/usr/local/share:/usr/share:/var/lib/snapd/desktop', 'PYTHONPATH': '/home/pi/Desktop/robot_move/my_base_learn/install/robot_control/lib/python3.12/site-packages:/home/pi/Desktop/robot_move/my_base_learn/install/lslidar_msgs/lib/python3.12/site-packages:/home/pi/Desktop/robot_move/my_base_learn/install/lidar_test/lib/python3.12/site-packages:/opt/ros/jazzy/lib/python3.12/site-packages', 'COLCON': '1', 'CMAKE_PREFIX_PATH': '/home/pi/Desktop/robot_move/my_base_learn/install/tbot_description:/home/pi/Desktop/robot_move/my_base_learn/install/my_base:/home/pi/Desktop/robot_move/my_base_learn/install/lslidar_driver:/home/pi/Desktop/robot_move/my_base_learn/install/lslidar_msgs:/opt/ros/jazzy/opt/gz_math_vendor:/opt/ros/jazzy/opt/gz_utils_vendor:/opt/ros/jazzy/opt/gz_cmake_vendor:/home/pi/Desktop/robot_move/my_base_learn/install/robot_control:/home/pi/Desktop/robot_move/my_base_learn/install/lidar_test:/opt/ros/jazzy'}), 'shell': False}
[1.108536] (-) TimerEvent: {}
[1.109213] (my_base) StdoutLine: {'line': b'-- Install configuration: ""\n'}
[1.109971] (my_base) StdoutLine: {'line': b'-- Up-to-date: /home/pi/Desktop/robot_move/install/my_base/lib/my_base/my_base\n'}
[1.115409] (my_base) StdoutLine: {'line': b'-- Up-to-date: /home/pi/Desktop/robot_move/install/my_base/share/ament_index/resource_index/package_run_dependencies/my_base\n'}
[1.115798] (my_base) StdoutLine: {'line': b'-- Up-to-date: /home/pi/Desktop/robot_move/install/my_base/share/ament_index/resource_index/parent_prefix_path/my_base\n'}
[1.115994] (my_base) StdoutLine: {'line': b'-- Up-to-date: /home/pi/Desktop/robot_move/install/my_base/share/my_base/environment/ament_prefix_path.sh\n'}
[1.116194] (my_base) StdoutLine: {'line': b'-- Up-to-date: /home/pi/Desktop/robot_move/install/my_base/share/my_base/environment/ament_prefix_path.dsv\n'}
[1.116365] (my_base) StdoutLine: {'line': b'-- Up-to-date: /home/pi/Desktop/robot_move/install/my_base/share/my_base/environment/path.sh\n'}
[1.116504] (my_base) StdoutLine: {'line': b'-- Up-to-date: /home/pi/Desktop/robot_move/install/my_base/share/my_base/environment/path.dsv\n'}
[1.116697] (my_base) StdoutLine: {'line': b'-- Up-to-date: /home/pi/Desktop/robot_move/install/my_base/share/my_base/local_setup.bash\n'}
[1.116897] (my_base) StdoutLine: {'line': b'-- Up-to-date: /home/pi/Desktop/robot_move/install/my_base/share/my_base/local_setup.sh\n'}
[1.117136] (my_base) StdoutLine: {'line': b'-- Up-to-date: /home/pi/Desktop/robot_move/install/my_base/share/my_base/local_setup.zsh\n'}
[1.117374] (my_base) StdoutLine: {'line': b'-- Up-to-date: /home/pi/Desktop/robot_move/install/my_base/share/my_base/local_setup.dsv\n'}
[1.117712] (my_base) StdoutLine: {'line': b'-- Installing: /home/pi/Desktop/robot_move/install/my_base/share/my_base/package.dsv\n'}
[1.117970] (my_base) StdoutLine: {'line': b'-- Up-to-date: /home/pi/Desktop/robot_move/install/my_base/share/ament_index/resource_index/packages/my_base\n'}
[1.118111] (my_base) StdoutLine: {'line': b'-- Up-to-date: /home/pi/Desktop/robot_move/install/my_base/share/my_base/cmake/my_baseConfig.cmake\n'}
[1.118244] (my_base) StdoutLine: {'line': b'-- Up-to-date: /home/pi/Desktop/robot_move/install/my_base/share/my_base/cmake/my_baseConfig-version.cmake\n'}
[1.118377] (my_base) StdoutLine: {'line': b'-- Up-to-date: /home/pi/Desktop/robot_move/install/my_base/share/my_base/package.xml\n'}
[1.128457] (my_base) CommandEnded: {'returncode': 0}
[1.139691] (lslidar_msgs) StdoutLine: {'line': b'-- Install configuration: ""\n'}
[1.145066] (lslidar_msgs) StdoutLine: {'line': b'-- Up-to-date: /home/pi/Desktop/robot_move/install/lslidar_msgs/share/ament_index/resource_index/rosidl_interfaces/lslidar_msgs\n'}
[1.145279] (lslidar_msgs) StdoutLine: {'line': b'-- Up-to-date: /home/pi/Desktop/robot_move/install/lslidar_msgs/share/lslidar_msgs/msg/LslidarDifop.json\n'}
[1.145432] (lslidar_msgs) StdoutLine: {'line': b'-- Up-to-date: /home/pi/Desktop/robot_move/install/lslidar_msgs/share/lslidar_msgs/msg/LslidarPacket.json\n'}
[1.145563] (lslidar_msgs) StdoutLine: {'line': b'-- Up-to-date: /home/pi/Desktop/robot_move/install/lslidar_msgs/share/lslidar_msgs/msg/LslidarPoint.json\n'}
[1.145767] (lslidar_msgs) StdoutLine: {'line': b'-- Up-to-date: /home/pi/Desktop/robot_move/install/lslidar_msgs/share/lslidar_msgs/msg/LslidarScan.json\n'}
[1.146039] (lslidar_msgs) StdoutLine: {'line': b'-- Up-to-date: /home/pi/Desktop/robot_move/install/lslidar_msgs/share/lslidar_msgs/msg/LslidarSweep.json\n'}
[1.146234] (lslidar_msgs) StdoutLine: {'line': b'-- Up-to-date: /home/pi/Desktop/robot_move/install/lslidar_msgs/include/lslidar_msgs/lslidar_msgs\n'}
[1.146398] (lslidar_msgs) StdoutLine: {'line': b'-- Up-to-date: /home/pi/Desktop/robot_move/install/lslidar_msgs/include/lslidar_msgs/lslidar_msgs/msg\n'}
[1.146556] (lslidar_msgs) StdoutLine: {'line': b'-- Up-to-date: /home/pi/Desktop/robot_move/install/lslidar_msgs/include/lslidar_msgs/lslidar_msgs/msg/lslidar_point.h\n'}
[1.146729] (lslidar_msgs) StdoutLine: {'line': b'-- Up-to-date: /home/pi/Desktop/robot_move/install/lslidar_msgs/include/lslidar_msgs/lslidar_msgs/msg/lslidar_difop.h\n'}
[1.146884] (lslidar_msgs) StdoutLine: {'line': b'-- Up-to-date: /home/pi/Desktop/robot_move/install/lslidar_msgs/include/lslidar_msgs/lslidar_msgs/msg/detail\n'}
[1.147025] (lslidar_msgs) StdoutLine: {'line': b'-- Up-to-date: /home/pi/Desktop/robot_move/install/lslidar_msgs/include/lslidar_msgs/lslidar_msgs/msg/detail/lslidar_point__description.c\n'}
[1.147181] (lslidar_msgs) StdoutLine: {'line': b'-- Up-to-date: /home/pi/Desktop/robot_move/install/lslidar_msgs/include/lslidar_msgs/lslidar_msgs/msg/detail/lslidar_point__functions.c\n'}
[1.147314] (lslidar_msgs) StdoutLine: {'line': b'-- Up-to-date: /home/pi/Desktop/robot_move/install/lslidar_msgs/include/lslidar_msgs/lslidar_msgs/msg/detail/lslidar_sweep__type_support.h\n'}
[1.147445] (lslidar_msgs) StdoutLine: {'line': b'-- Up-to-date: /home/pi/Desktop/robot_move/install/lslidar_msgs/include/lslidar_msgs/lslidar_msgs/msg/detail/lslidar_difop__description.c\n'}
[1.147557] (lslidar_msgs) StdoutLine: {'line': b'-- Installing: /home/pi/Desktop/robot_move/install/lslidar_msgs/include/lslidar_msgs/lslidar_msgs/msg/detail/lslidar_scan__type_support.c\n'}
[1.154263] (lslidar_msgs) StdoutLine: {'line': b'-- Up-to-date: /home/pi/Desktop/robot_move/install/lslidar_msgs/include/lslidar_msgs/lslidar_msgs/msg/detail/lslidar_difop__type_support.h\n'}
[1.154400] (lslidar_msgs) StdoutLine: {'line': b'-- Up-to-date: /home/pi/Desktop/robot_move/install/lslidar_msgs/include/lslidar_msgs/lslidar_msgs/msg/detail/lslidar_scan__type_support.h\n'}
[1.154518] (lslidar_msgs) StdoutLine: {'line': b'-- Up-to-date: /home/pi/Desktop/robot_move/install/lslidar_msgs/include/lslidar_msgs/lslidar_msgs/msg/detail/lslidar_packet__functions.h\n'}
[1.154675] (lslidar_msgs) StdoutLine: {'line': b'-- Up-to-date: /home/pi/Desktop/robot_move/install/lslidar_msgs/include/lslidar_msgs/lslidar_msgs/msg/detail/lslidar_difop__functions.h\n'}
[1.154831] (lslidar_msgs) StdoutLine: {'line': b'-- Up-to-date: /home/pi/Desktop/robot_move/install/lslidar_msgs/include/lslidar_msgs/lslidar_msgs/msg/detail/lslidar_packet__struct.h\n'}
[1.154954] (lslidar_msgs) StdoutLine: {'line': b'-- Installing: /home/pi/Desktop/robot_move/install/lslidar_msgs/include/lslidar_msgs/lslidar_msgs/msg/detail/lslidar_packet__type_support.c\n'}
[1.155074] (lslidar_msgs) StdoutLine: {'line': b'-- Up-to-date: /home/pi/Desktop/robot_move/install/lslidar_msgs/include/lslidar_msgs/lslidar_msgs/msg/detail/lslidar_scan__description.c\n'}
[1.155220] (lslidar_msgs) StdoutLine: {'line': b'-- Up-to-date: /home/pi/Desktop/robot_move/install/lslidar_msgs/include/lslidar_msgs/lslidar_msgs/msg/detail/lslidar_point__functions.h\n'}
[1.155350] (lslidar_msgs) StdoutLine: {'line': b'-- Up-to-date: /home/pi/Desktop/robot_move/install/lslidar_msgs/include/lslidar_msgs/lslidar_msgs/msg/detail/lslidar_scan__struct.h\n'}
[1.155474] (lslidar_msgs) StdoutLine: {'line': b'-- Installing: /home/pi/Desktop/robot_move/install/lslidar_msgs/include/lslidar_msgs/lslidar_msgs/msg/detail/lslidar_point__type_support.c\n'}
[1.155640] (lslidar_msgs) StdoutLine: {'line': b'-- Up-to-date: /home/pi/Desktop/robot_move/install/lslidar_msgs/include/lslidar_msgs/lslidar_msgs/msg/detail/lslidar_packet__type_support.h\n'}
[1.155776] (lslidar_msgs) StdoutLine: {'line': b'-- Up-to-date: /home/pi/Desktop/robot_move/install/lslidar_msgs/include/lslidar_msgs/lslidar_msgs/msg/detail/lslidar_sweep__struct.h\n'}
[1.155888] (lslidar_msgs) StdoutLine: {'line': b'-- Up-to-date: /home/pi/Desktop/robot_move/install/lslidar_msgs/include/lslidar_msgs/lslidar_msgs/msg/detail/lslidar_difop__functions.c\n'}
[1.156004] (lslidar_msgs) StdoutLine: {'line': b'-- Up-to-date: /home/pi/Desktop/robot_move/install/lslidar_msgs/include/lslidar_msgs/lslidar_msgs/msg/detail/lslidar_packet__functions.c\n'}
[1.156117] (lslidar_msgs) StdoutLine: {'line': b'-- Up-to-date: /home/pi/Desktop/robot_move/install/lslidar_msgs/include/lslidar_msgs/lslidar_msgs/msg/detail/lslidar_scan__functions.c\n'}
[1.156220] (lslidar_msgs) StdoutLine: {'line': b'-- Up-to-date: /home/pi/Desktop/robot_move/install/lslidar_msgs/include/lslidar_msgs/lslidar_msgs/msg/detail/lslidar_scan__functions.h\n'}
[1.156331] (lslidar_msgs) StdoutLine: {'line': b'-- Up-to-date: /home/pi/Desktop/robot_move/install/lslidar_msgs/include/lslidar_msgs/lslidar_msgs/msg/detail/lslidar_point__struct.h\n'}
[1.156441] (lslidar_msgs) StdoutLine: {'line': b'-- Installing: /home/pi/Desktop/robot_move/install/lslidar_msgs/include/lslidar_msgs/lslidar_msgs/msg/detail/lslidar_difop__type_support.c\n'}
[1.156552] (lslidar_msgs) StdoutLine: {'line': b'-- Up-to-date: /home/pi/Desktop/robot_move/install/lslidar_msgs/include/lslidar_msgs/lslidar_msgs/msg/detail/lslidar_sweep__functions.h\n'}
[1.159930] (lslidar_msgs) StdoutLine: {'line': b'-- Installing: /home/pi/Desktop/robot_move/install/lslidar_msgs/include/lslidar_msgs/lslidar_msgs/msg/detail/lslidar_sweep__type_support.c\n'}
[1.160142] (lslidar_msgs) StdoutLine: {'line': b'-- Up-to-date: /home/pi/Desktop/robot_move/install/lslidar_msgs/include/lslidar_msgs/lslidar_msgs/msg/detail/lslidar_point__type_support.h\n'}
[1.160290] (lslidar_msgs) StdoutLine: {'line': b'-- Up-to-date: /home/pi/Desktop/robot_move/install/lslidar_msgs/include/lslidar_msgs/lslidar_msgs/msg/detail/lslidar_sweep__functions.c\n'}
[1.160433] (lslidar_msgs) StdoutLine: {'line': b'-- Up-to-date: /home/pi/Desktop/robot_move/install/lslidar_msgs/include/lslidar_msgs/lslidar_msgs/msg/detail/lslidar_sweep__description.c\n'}
[1.160565] (lslidar_msgs) StdoutLine: {'line': b'-- Up-to-date: /home/pi/Desktop/robot_move/install/lslidar_msgs/include/lslidar_msgs/lslidar_msgs/msg/detail/lslidar_difop__struct.h\n'}
[1.160739] (lslidar_msgs) StdoutLine: {'line': b'-- Up-to-date: /home/pi/Desktop/robot_move/install/lslidar_msgs/include/lslidar_msgs/lslidar_msgs/msg/detail/lslidar_packet__description.c\n'}
[1.160868] (lslidar_msgs) StdoutLine: {'line': b'-- Up-to-date: /home/pi/Desktop/robot_move/install/lslidar_msgs/include/lslidar_msgs/lslidar_msgs/msg/lslidar_packet.h\n'}
[1.160993] (lslidar_msgs) StdoutLine: {'line': b'-- Up-to-date: /home/pi/Desktop/robot_move/install/lslidar_msgs/include/lslidar_msgs/lslidar_msgs/msg/rosidl_generator_c__visibility_control.h\n'}
[1.161120] (lslidar_msgs) StdoutLine: {'line': b'-- Up-to-date: /home/pi/Desktop/robot_move/install/lslidar_msgs/include/lslidar_msgs/lslidar_msgs/msg/lslidar_sweep.h\n'}
[1.161255] (lslidar_msgs) StdoutLine: {'line': b'-- Up-to-date: /home/pi/Desktop/robot_move/install/lslidar_msgs/include/lslidar_msgs/lslidar_msgs/msg/lslidar_scan.h\n'}
[1.161393] (lslidar_msgs) StdoutLine: {'line': b'-- Up-to-date: /home/pi/Desktop/robot_move/install/lslidar_msgs/share/lslidar_msgs/environment/library_path.sh\n'}
[1.161531] (lslidar_msgs) StdoutLine: {'line': b'-- Up-to-date: /home/pi/Desktop/robot_move/install/lslidar_msgs/share/lslidar_msgs/environment/library_path.dsv\n'}
[1.161714] (lslidar_msgs) StdoutLine: {'line': b'-- Up-to-date: /home/pi/Desktop/robot_move/install/lslidar_msgs/lib/liblslidar_msgs__rosidl_generator_c.so\n'}
[1.161901] (lslidar_msgs) StdoutLine: {'line': b'-- Up-to-date: /home/pi/Desktop/robot_move/install/lslidar_msgs/include/lslidar_msgs/lslidar_msgs\n'}
[1.162035] (lslidar_msgs) StdoutLine: {'line': b'-- Up-to-date: /home/pi/Desktop/robot_move/install/lslidar_msgs/include/lslidar_msgs/lslidar_msgs/msg\n'}
[1.162175] (lslidar_msgs) StdoutLine: {'line': b'-- Up-to-date: /home/pi/Desktop/robot_move/install/lslidar_msgs/include/lslidar_msgs/lslidar_msgs/msg/rosidl_typesupport_fastrtps_c__visibility_control.h\n'}
[1.162300] (lslidar_msgs) StdoutLine: {'line': b'-- Up-to-date: /home/pi/Desktop/robot_move/install/lslidar_msgs/include/lslidar_msgs/lslidar_msgs/msg/detail\n'}
[1.162447] (lslidar_msgs) StdoutLine: {'line': b'-- Up-to-date: /home/pi/Desktop/robot_move/install/lslidar_msgs/include/lslidar_msgs/lslidar_msgs/msg/detail/lslidar_packet__rosidl_typesupport_fastrtps_c.h\n'}
[1.167076] (lslidar_msgs) StdoutLine: {'line': b'-- Up-to-date: /home/pi/Desktop/robot_move/install/lslidar_msgs/include/lslidar_msgs/lslidar_msgs/msg/detail/lslidar_difop__rosidl_typesupport_fastrtps_c.h\n'}
[1.167604] (lslidar_msgs) StdoutLine: {'line': b'-- Up-to-date: /home/pi/Desktop/robot_move/install/lslidar_msgs/include/lslidar_msgs/lslidar_msgs/msg/detail/lslidar_sweep__rosidl_typesupport_fastrtps_c.h\n'}
[1.167817] (lslidar_msgs) StdoutLine: {'line': b'-- Up-to-date: /home/pi/Desktop/robot_move/install/lslidar_msgs/include/lslidar_msgs/lslidar_msgs/msg/detail/lslidar_point__rosidl_typesupport_fastrtps_c.h\n'}
[1.167974] (lslidar_msgs) StdoutLine: {'line': b'-- Up-to-date: /home/pi/Desktop/robot_move/install/lslidar_msgs/include/lslidar_msgs/lslidar_msgs/msg/detail/lslidar_scan__rosidl_typesupport_fastrtps_c.h\n'}
[1.168130] (lslidar_msgs) StdoutLine: {'line': b'-- Up-to-date: /home/pi/Desktop/robot_move/install/lslidar_msgs/lib/liblslidar_msgs__rosidl_typesupport_fastrtps_c.so\n'}
[1.168298] (lslidar_msgs) StdoutLine: {'line': b'-- Up-to-date: /home/pi/Desktop/robot_move/install/lslidar_msgs/include/lslidar_msgs/lslidar_msgs\n'}
[1.168433] (lslidar_msgs) StdoutLine: {'line': b'-- Up-to-date: /home/pi/Desktop/robot_move/install/lslidar_msgs/include/lslidar_msgs/lslidar_msgs/msg\n'}
[1.168588] (lslidar_msgs) StdoutLine: {'line': b'-- Up-to-date: /home/pi/Desktop/robot_move/install/lslidar_msgs/include/lslidar_msgs/lslidar_msgs/msg/lslidar_sweep.hpp\n'}
[1.168763] (lslidar_msgs) StdoutLine: {'line': b'-- Up-to-date: /home/pi/Desktop/robot_move/install/lslidar_msgs/include/lslidar_msgs/lslidar_msgs/msg/lslidar_packet.hpp\n'}
[1.168891] (lslidar_msgs) StdoutLine: {'line': b'-- Up-to-date: /home/pi/Desktop/robot_move/install/lslidar_msgs/include/lslidar_msgs/lslidar_msgs/msg/rosidl_generator_cpp__visibility_control.hpp\n'}
[1.169024] (lslidar_msgs) StdoutLine: {'line': b'-- Up-to-date: /home/pi/Desktop/robot_move/install/lslidar_msgs/include/lslidar_msgs/lslidar_msgs/msg/lslidar_difop.hpp\n'}
[1.169158] (lslidar_msgs) StdoutLine: {'line': b'-- Up-to-date: /home/pi/Desktop/robot_move/install/lslidar_msgs/include/lslidar_msgs/lslidar_msgs/msg/detail\n'}
[1.169317] (lslidar_msgs) StdoutLine: {'line': b'-- Up-to-date: /home/pi/Desktop/robot_move/install/lslidar_msgs/include/lslidar_msgs/lslidar_msgs/msg/detail/lslidar_sweep__struct.hpp\n'}
[1.169439] (lslidar_msgs) StdoutLine: {'line': b'-- Up-to-date: /home/pi/Desktop/robot_move/install/lslidar_msgs/include/lslidar_msgs/lslidar_msgs/msg/detail/lslidar_packet__builder.hpp\n'}
[1.169566] (lslidar_msgs) StdoutLine: {'line': b'-- Up-to-date: /home/pi/Desktop/robot_move/install/lslidar_msgs/include/lslidar_msgs/lslidar_msgs/msg/detail/lslidar_sweep__builder.hpp\n'}
[1.185967] (lslidar_msgs) StdoutLine: {'line': b'-- Up-to-date: /home/pi/Desktop/robot_move/install/lslidar_msgs/include/lslidar_msgs/lslidar_msgs/msg/detail/lslidar_point__type_support.hpp\n'}
[1.186172] (lslidar_msgs) StdoutLine: {'line': b'-- Up-to-date: /home/pi/Desktop/robot_move/install/lslidar_msgs/include/lslidar_msgs/lslidar_msgs/msg/detail/lslidar_difop__builder.hpp\n'}
[1.186377] (lslidar_msgs) StdoutLine: {'line': b'-- Up-to-date: /home/pi/Desktop/robot_move/install/lslidar_msgs/include/lslidar_msgs/lslidar_msgs/msg/detail/lslidar_sweep__type_support.hpp\n'}
[1.186530] (lslidar_msgs) StdoutLine: {'line': b'-- Up-to-date: /home/pi/Desktop/robot_move/install/lslidar_msgs/include/lslidar_msgs/lslidar_msgs/msg/detail/lslidar_scan__struct.hpp\n'}
[1.188285] (lslidar_msgs) StdoutLine: {'line': b'-- Up-to-date: /home/pi/Desktop/robot_move/install/lslidar_msgs/include/lslidar_msgs/lslidar_msgs/msg/detail/lslidar_difop__traits.hpp\n'}
[1.188471] (lslidar_msgs) StdoutLine: {'line': b'-- Up-to-date: /home/pi/Desktop/robot_move/install/lslidar_msgs/include/lslidar_msgs/lslidar_msgs/msg/detail/lslidar_difop__type_support.hpp\n'}
[1.188652] (lslidar_msgs) StdoutLine: {'line': b'-- Up-to-date: /home/pi/Desktop/robot_move/install/lslidar_msgs/include/lslidar_msgs/lslidar_msgs/msg/detail/lslidar_difop__struct.hpp\n'}
[1.188832] (lslidar_msgs) StdoutLine: {'line': b'-- Up-to-date: /home/pi/Desktop/robot_move/install/lslidar_msgs/include/lslidar_msgs/lslidar_msgs/msg/detail/lslidar_point__traits.hpp\n'}
[1.188979] (lslidar_msgs) StdoutLine: {'line': b'-- Up-to-date: /home/pi/Desktop/robot_move/install/lslidar_msgs/include/lslidar_msgs/lslidar_msgs/msg/detail/lslidar_point__builder.hpp\n'}
[1.189118] (lslidar_msgs) StdoutLine: {'line': b'-- Up-to-date: /home/pi/Desktop/robot_move/install/lslidar_msgs/include/lslidar_msgs/lslidar_msgs/msg/detail/lslidar_packet__type_support.hpp\n'}
[1.189279] (lslidar_msgs) StdoutLine: {'line': b'-- Up-to-date: /home/pi/Desktop/robot_move/install/lslidar_msgs/include/lslidar_msgs/lslidar_msgs/msg/detail/lslidar_scan__traits.hpp\n'}
[1.189452] (lslidar_msgs) StdoutLine: {'line': b'-- Up-to-date: /home/pi/Desktop/robot_move/install/lslidar_msgs/include/lslidar_msgs/lslidar_msgs/msg/detail/lslidar_packet__traits.hpp\n'}
[1.192713] (lslidar_msgs) StdoutLine: {'line': b'-- Up-to-date: /home/pi/Desktop/robot_move/install/lslidar_msgs/include/lslidar_msgs/lslidar_msgs/msg/detail/lslidar_scan__type_support.hpp\n'}
[1.193041] (lslidar_msgs) StdoutLine: {'line': b'-- Up-to-date: /home/pi/Desktop/robot_move/install/lslidar_msgs/include/lslidar_msgs/lslidar_msgs/msg/detail/lslidar_scan__builder.hpp\n'}
[1.193203] (lslidar_msgs) StdoutLine: {'line': b'-- Up-to-date: /home/pi/Desktop/robot_move/install/lslidar_msgs/include/lslidar_msgs/lslidar_msgs/msg/detail/lslidar_point__struct.hpp\n'}
[1.193361] (lslidar_msgs) StdoutLine: {'line': b'-- Up-to-date: /home/pi/Desktop/robot_move/install/lslidar_msgs/include/lslidar_msgs/lslidar_msgs/msg/detail/lslidar_sweep__traits.hpp\n'}
[1.193496] (lslidar_msgs) StdoutLine: {'line': b'-- Up-to-date: /home/pi/Desktop/robot_move/install/lslidar_msgs/include/lslidar_msgs/lslidar_msgs/msg/detail/lslidar_packet__struct.hpp\n'}
[1.193705] (lslidar_msgs) StdoutLine: {'line': b'-- Up-to-date: /home/pi/Desktop/robot_move/install/lslidar_msgs/include/lslidar_msgs/lslidar_msgs/msg/lslidar_scan.hpp\n'}
[1.193875] (lslidar_msgs) StdoutLine: {'line': b'-- Up-to-date: /home/pi/Desktop/robot_move/install/lslidar_msgs/include/lslidar_msgs/lslidar_msgs/msg/lslidar_point.hpp\n'}
[1.194013] (lslidar_msgs) StdoutLine: {'line': b'-- Up-to-date: /home/pi/Desktop/robot_move/install/lslidar_msgs/include/lslidar_msgs/lslidar_msgs\n'}
[1.194145] (lslidar_msgs) StdoutLine: {'line': b'-- Up-to-date: /home/pi/Desktop/robot_move/install/lslidar_msgs/include/lslidar_msgs/lslidar_msgs/msg\n'}
[1.194287] (lslidar_msgs) StdoutLine: {'line': b'-- Up-to-date: /home/pi/Desktop/robot_move/install/lslidar_msgs/include/lslidar_msgs/lslidar_msgs/msg/rosidl_typesupport_fastrtps_cpp__visibility_control.h\n'}
[1.194431] (lslidar_msgs) StdoutLine: {'line': b'-- Up-to-date: /home/pi/Desktop/robot_move/install/lslidar_msgs/include/lslidar_msgs/lslidar_msgs/msg/detail\n'}
[1.194566] (lslidar_msgs) StdoutLine: {'line': b'-- Up-to-date: /home/pi/Desktop/robot_move/install/lslidar_msgs/include/lslidar_msgs/lslidar_msgs/msg/detail/lslidar_scan__rosidl_typesupport_fastrtps_cpp.hpp\n'}
[1.200032] (lslidar_msgs) StdoutLine: {'line': b'-- Up-to-date: /home/pi/Desktop/robot_move/install/lslidar_msgs/include/lslidar_msgs/lslidar_msgs/msg/detail/lslidar_packet__rosidl_typesupport_fastrtps_cpp.hpp\n'}
[1.200234] (lslidar_msgs) StdoutLine: {'line': b'-- Up-to-date: /home/pi/Desktop/robot_move/install/lslidar_msgs/include/lslidar_msgs/lslidar_msgs/msg/detail/dds_fastrtps\n'}
[1.200400] (lslidar_msgs) StdoutLine: {'line': b'-- Up-to-date: /home/pi/Desktop/robot_move/install/lslidar_msgs/include/lslidar_msgs/lslidar_msgs/msg/detail/lslidar_point__rosidl_typesupport_fastrtps_cpp.hpp\n'}
[1.200557] (lslidar_msgs) StdoutLine: {'line': b'-- Up-to-date: /home/pi/Desktop/robot_move/install/lslidar_msgs/include/lslidar_msgs/lslidar_msgs/msg/detail/lslidar_difop__rosidl_typesupport_fastrtps_cpp.hpp\n'}
[1.200963] (lslidar_msgs) StdoutLine: {'line': b'-- Up-to-date: /home/pi/Desktop/robot_move/install/lslidar_msgs/include/lslidar_msgs/lslidar_msgs/msg/detail/lslidar_sweep__rosidl_typesupport_fastrtps_cpp.hpp\n'}
[1.201134] (lslidar_msgs) StdoutLine: {'line': b'-- Up-to-date: /home/pi/Desktop/robot_move/install/lslidar_msgs/lib/liblslidar_msgs__rosidl_typesupport_fastrtps_cpp.so\n'}
[1.201421] (lslidar_msgs) StdoutLine: {'line': b'-- Up-to-date: /home/pi/Desktop/robot_move/install/lslidar_msgs/include/lslidar_msgs/lslidar_msgs\n'}
[1.201658] (lslidar_msgs) StdoutLine: {'line': b'-- Up-to-date: /home/pi/Desktop/robot_move/install/lslidar_msgs/include/lslidar_msgs/lslidar_msgs/msg\n'}
[1.201836] (lslidar_msgs) StdoutLine: {'line': b'-- Up-to-date: /home/pi/Desktop/robot_move/install/lslidar_msgs/include/lslidar_msgs/lslidar_msgs/msg/rosidl_typesupport_introspection_c__visibility_control.h\n'}
[1.201994] (lslidar_msgs) StdoutLine: {'line': b'-- Up-to-date: /home/pi/Desktop/robot_move/install/lslidar_msgs/include/lslidar_msgs/lslidar_msgs/msg/detail\n'}
[1.202135] (lslidar_msgs) StdoutLine: {'line': b'-- Installing: /home/pi/Desktop/robot_move/install/lslidar_msgs/include/lslidar_msgs/lslidar_msgs/msg/detail/lslidar_scan__type_support.c\n'}
[1.202295] (lslidar_msgs) StdoutLine: {'line': b'-- Up-to-date: /home/pi/Desktop/robot_move/install/lslidar_msgs/include/lslidar_msgs/lslidar_msgs/msg/detail/lslidar_scan__rosidl_typesupport_introspection_c.h\n'}
[1.202437] (lslidar_msgs) StdoutLine: {'line': b'-- Up-to-date: /home/pi/Desktop/robot_move/install/lslidar_msgs/include/lslidar_msgs/lslidar_msgs/msg/detail/lslidar_point__rosidl_typesupport_introspection_c.h\n'}
[1.202662] (lslidar_msgs) StdoutLine: {'line': b'-- Up-to-date: /home/pi/Desktop/robot_move/install/lslidar_msgs/include/lslidar_msgs/lslidar_msgs/msg/detail/lslidar_difop__rosidl_typesupport_introspection_c.h\n'}
[1.202830] (lslidar_msgs) StdoutLine: {'line': b'-- Installing: /home/pi/Desktop/robot_move/install/lslidar_msgs/include/lslidar_msgs/lslidar_msgs/msg/detail/lslidar_packet__type_support.c\n'}
[1.202941] (lslidar_msgs) StdoutLine: {'line': b'-- Up-to-date: /home/pi/Desktop/robot_move/install/lslidar_msgs/include/lslidar_msgs/lslidar_msgs/msg/detail/lslidar_packet__rosidl_typesupport_introspection_c.h\n'}
[1.203054] (lslidar_msgs) StdoutLine: {'line': b'-- Installing: /home/pi/Desktop/robot_move/install/lslidar_msgs/include/lslidar_msgs/lslidar_msgs/msg/detail/lslidar_point__type_support.c\n'}
[1.203211] (lslidar_msgs) StdoutLine: {'line': b'-- Installing: /home/pi/Desktop/robot_move/install/lslidar_msgs/include/lslidar_msgs/lslidar_msgs/msg/detail/lslidar_difop__type_support.c\n'}
[1.203365] (lslidar_msgs) StdoutLine: {'line': b'-- Installing: /home/pi/Desktop/robot_move/install/lslidar_msgs/include/lslidar_msgs/lslidar_msgs/msg/detail/lslidar_sweep__type_support.c\n'}
[1.203501] (lslidar_msgs) StdoutLine: {'line': b'-- Up-to-date: /home/pi/Desktop/robot_move/install/lslidar_msgs/include/lslidar_msgs/lslidar_msgs/msg/detail/lslidar_sweep__rosidl_typesupport_introspection_c.h\n'}
[1.211206] (-) TimerEvent: {}
[1.211420] (lslidar_msgs) StdoutLine: {'line': b'-- Up-to-date: /home/pi/Desktop/robot_move/install/lslidar_msgs/lib/liblslidar_msgs__rosidl_typesupport_introspection_c.so\n'}
[1.211694] (lslidar_msgs) StdoutLine: {'line': b'-- Up-to-date: /home/pi/Desktop/robot_move/install/lslidar_msgs/lib/liblslidar_msgs__rosidl_typesupport_c.so\n'}
[1.211868] (lslidar_msgs) StdoutLine: {'line': b'-- Up-to-date: /home/pi/Desktop/robot_move/install/lslidar_msgs/include/lslidar_msgs/lslidar_msgs\n'}
[1.212075] (lslidar_msgs) StdoutLine: {'line': b'-- Up-to-date: /home/pi/Desktop/robot_move/install/lslidar_msgs/include/lslidar_msgs/lslidar_msgs/msg\n'}
[1.212226] (lslidar_msgs) StdoutLine: {'line': b'-- Up-to-date: /home/pi/Desktop/robot_move/install/lslidar_msgs/include/lslidar_msgs/lslidar_msgs/msg/detail\n'}
[1.212400] (lslidar_msgs) StdoutLine: {'line': b'-- Up-to-date: /home/pi/Desktop/robot_move/install/lslidar_msgs/include/lslidar_msgs/lslidar_msgs/msg/detail/lslidar_scan__type_support.cpp\n'}
[1.212558] (lslidar_msgs) StdoutLine: {'line': b'-- Up-to-date: /home/pi/Desktop/robot_move/install/lslidar_msgs/include/lslidar_msgs/lslidar_msgs/msg/detail/lslidar_difop__type_support.cpp\n'}
[1.217978] (lslidar_msgs) StdoutLine: {'line': b'-- Up-to-date: /home/pi/Desktop/robot_move/install/lslidar_msgs/include/lslidar_msgs/lslidar_msgs/msg/detail/lslidar_difop__rosidl_typesupport_introspection_cpp.hpp\n'}
[1.218200] (lslidar_msgs) StdoutLine: {'line': b'-- Up-to-date: /home/pi/Desktop/robot_move/install/lslidar_msgs/include/lslidar_msgs/lslidar_msgs/msg/detail/lslidar_point__rosidl_typesupport_introspection_cpp.hpp\n'}
[1.218358] (lslidar_msgs) StdoutLine: {'line': b'-- Up-to-date: /home/pi/Desktop/robot_move/install/lslidar_msgs/include/lslidar_msgs/lslidar_msgs/msg/detail/lslidar_sweep__type_support.cpp\n'}
[1.218476] (lslidar_msgs) StdoutLine: {'line': b'-- Up-to-date: /home/pi/Desktop/robot_move/install/lslidar_msgs/include/lslidar_msgs/lslidar_msgs/msg/detail/lslidar_sweep__rosidl_typesupport_introspection_cpp.hpp\n'}
[1.219071] (lslidar_msgs) StdoutLine: {'line': b'-- Up-to-date: /home/pi/Desktop/robot_move/install/lslidar_msgs/include/lslidar_msgs/lslidar_msgs/msg/detail/lslidar_point__type_support.cpp\n'}
[1.219352] (lslidar_msgs) StdoutLine: {'line': b'-- Up-to-date: /home/pi/Desktop/robot_move/install/lslidar_msgs/include/lslidar_msgs/lslidar_msgs/msg/detail/lslidar_scan__rosidl_typesupport_introspection_cpp.hpp\n'}
[1.219511] (lslidar_msgs) StdoutLine: {'line': b'-- Up-to-date: /home/pi/Desktop/robot_move/install/lslidar_msgs/include/lslidar_msgs/lslidar_msgs/msg/detail/lslidar_packet__rosidl_typesupport_introspection_cpp.hpp\n'}
[1.235064] (lslidar_msgs) StdoutLine: {'line': b'-- Up-to-date: /home/pi/Desktop/robot_move/install/lslidar_msgs/include/lslidar_msgs/lslidar_msgs/msg/detail/lslidar_packet__type_support.cpp\n'}
[1.235302] (lslidar_msgs) StdoutLine: {'line': b'-- Up-to-date: /home/pi/Desktop/robot_move/install/lslidar_msgs/lib/liblslidar_msgs__rosidl_typesupport_introspection_cpp.so\n'}
[1.235465] (lslidar_msgs) StdoutLine: {'line': b'-- Up-to-date: /home/pi/Desktop/robot_move/install/lslidar_msgs/lib/liblslidar_msgs__rosidl_typesupport_cpp.so\n'}
[1.235653] (lslidar_msgs) StdoutLine: {'line': b'-- Up-to-date: /home/pi/Desktop/robot_move/install/lslidar_msgs/share/lslidar_msgs/environment/pythonpath.sh\n'}
[1.235859] (lslidar_msgs) StdoutLine: {'line': b'-- Up-to-date: /home/pi/Desktop/robot_move/install/lslidar_msgs/share/lslidar_msgs/environment/pythonpath.dsv\n'}
[1.236019] (lslidar_msgs) StdoutLine: {'line': b'-- Up-to-date: /home/pi/Desktop/robot_move/install/lslidar_msgs/lib/python3.12/site-packages/lslidar_msgs-1.2.0-py3.12.egg-info\n'}
[1.236179] (lslidar_msgs) StdoutLine: {'line': b'-- Installing: /home/pi/Desktop/robot_move/install/lslidar_msgs/lib/python3.12/site-packages/lslidar_msgs-1.2.0-py3.12.egg-info/SOURCES.txt\n'}
[1.236310] (lslidar_msgs) StdoutLine: {'line': b'-- Installing: /home/pi/Desktop/robot_move/install/lslidar_msgs/lib/python3.12/site-packages/lslidar_msgs-1.2.0-py3.12.egg-info/top_level.txt\n'}
[1.236438] (lslidar_msgs) StdoutLine: {'line': b'-- Installing: /home/pi/Desktop/robot_move/install/lslidar_msgs/lib/python3.12/site-packages/lslidar_msgs-1.2.0-py3.12.egg-info/PKG-INFO\n'}
[1.236560] (lslidar_msgs) StdoutLine: {'line': b'-- Installing: /home/pi/Desktop/robot_move/install/lslidar_msgs/lib/python3.12/site-packages/lslidar_msgs-1.2.0-py3.12.egg-info/dependency_links.txt\n'}
[1.236726] (lslidar_msgs) StdoutLine: {'line': b'-- Up-to-date: /home/pi/Desktop/robot_move/install/lslidar_msgs/lib/python3.12/site-packages/lslidar_msgs\n'}
[1.236875] (lslidar_msgs) StdoutLine: {'line': b'-- Up-to-date: /home/pi/Desktop/robot_move/install/lslidar_msgs/lib/python3.12/site-packages/lslidar_msgs/__init__.py\n'}
[1.237000] (lslidar_msgs) StdoutLine: {'line': b'-- Up-to-date: /home/pi/Desktop/robot_move/install/lslidar_msgs/lib/python3.12/site-packages/lslidar_msgs/_lslidar_msgs_s.ep.rosidl_typesupport_introspection_c.c\n'}
[1.237127] (lslidar_msgs) StdoutLine: {'line': b'-- Up-to-date: /home/pi/Desktop/robot_move/install/lslidar_msgs/lib/python3.12/site-packages/lslidar_msgs/msg\n'}
[1.237253] (lslidar_msgs) StdoutLine: {'line': b'-- Up-to-date: /home/pi/Desktop/robot_move/install/lslidar_msgs/lib/python3.12/site-packages/lslidar_msgs/msg/_lslidar_sweep_s.c\n'}
[1.237377] (lslidar_msgs) StdoutLine: {'line': b'-- Up-to-date: /home/pi/Desktop/robot_move/install/lslidar_msgs/lib/python3.12/site-packages/lslidar_msgs/msg/__init__.py\n'}
[1.237498] (lslidar_msgs) StdoutLine: {'line': b'-- Up-to-date: /home/pi/Desktop/robot_move/install/lslidar_msgs/lib/python3.12/site-packages/lslidar_msgs/msg/_lslidar_scan.py\n'}
[1.240888] (lslidar_msgs) StdoutLine: {'line': b'-- Up-to-date: /home/pi/Desktop/robot_move/install/lslidar_msgs/lib/python3.12/site-packages/lslidar_msgs/msg/_lslidar_packet_s.c\n'}
[1.241122] (lslidar_msgs) StdoutLine: {'line': b'-- Up-to-date: /home/pi/Desktop/robot_move/install/lslidar_msgs/lib/python3.12/site-packages/lslidar_msgs/msg/_lslidar_scan_s.c\n'}
[1.241296] (lslidar_msgs) StdoutLine: {'line': b'-- Up-to-date: /home/pi/Desktop/robot_move/install/lslidar_msgs/lib/python3.12/site-packages/lslidar_msgs/msg/_lslidar_packet.py\n'}
[1.241497] (lslidar_msgs) StdoutLine: {'line': b'-- Up-to-date: /home/pi/Desktop/robot_move/install/lslidar_msgs/lib/python3.12/site-packages/lslidar_msgs/msg/_lslidar_point.py\n'}
[1.241674] (lslidar_msgs) StdoutLine: {'line': b'-- Up-to-date: /home/pi/Desktop/robot_move/install/lslidar_msgs/lib/python3.12/site-packages/lslidar_msgs/msg/_lslidar_difop_s.c\n'}
[1.241823] (lslidar_msgs) StdoutLine: {'line': b'-- Up-to-date: /home/pi/Desktop/robot_move/install/lslidar_msgs/lib/python3.12/site-packages/lslidar_msgs/msg/_lslidar_point_s.c\n'}
[1.241960] (lslidar_msgs) StdoutLine: {'line': b'-- Up-to-date: /home/pi/Desktop/robot_move/install/lslidar_msgs/lib/python3.12/site-packages/lslidar_msgs/msg/_lslidar_difop.py\n'}
[1.242108] (lslidar_msgs) StdoutLine: {'line': b'-- Up-to-date: /home/pi/Desktop/robot_move/install/lslidar_msgs/lib/python3.12/site-packages/lslidar_msgs/msg/_lslidar_sweep.py\n'}
[1.242250] (lslidar_msgs) StdoutLine: {'line': b'-- Up-to-date: /home/pi/Desktop/robot_move/install/lslidar_msgs/lib/python3.12/site-packages/lslidar_msgs/lslidar_msgs_s__rosidl_typesupport_introspection_c.so\n'}
[1.242401] (lslidar_msgs) StdoutLine: {'line': b'-- Up-to-date: /home/pi/Desktop/robot_move/install/lslidar_msgs/lib/python3.12/site-packages/lslidar_msgs/lslidar_msgs_s__rosidl_typesupport_fastrtps_c.so\n'}
[1.242729] (lslidar_msgs) StdoutLine: {'line': b'-- Up-to-date: /home/pi/Desktop/robot_move/install/lslidar_msgs/lib/python3.12/site-packages/lslidar_msgs/lslidar_msgs_s__rosidl_typesupport_c.so\n'}
[1.244942] (lslidar_msgs) StdoutLine: {'line': b'-- Up-to-date: /home/pi/Desktop/robot_move/install/lslidar_msgs/lib/python3.12/site-packages/lslidar_msgs/_lslidar_msgs_s.ep.rosidl_typesupport_c.c\n'}
[1.245160] (lslidar_msgs) StdoutLine: {'line': b'-- Up-to-date: /home/pi/Desktop/robot_move/install/lslidar_msgs/lib/python3.12/site-packages/lslidar_msgs/_lslidar_msgs_s.ep.rosidl_typesupport_fastrtps_c.c\n'}
[1.251466] (lslidar_msgs) StdoutLine: {'line': b"Listing '/home/pi/Desktop/robot_move/install/lslidar_msgs/lib/python3.12/site-packages/lslidar_msgs'...\n"}
[1.251953] (lslidar_msgs) StdoutLine: {'line': b"Listing '/home/pi/Desktop/robot_move/install/lslidar_msgs/lib/python3.12/site-packages/lslidar_msgs/msg'...\n"}
[1.268963] (lslidar_msgs) StdoutLine: {'line': b'-- Up-to-date: /home/pi/Desktop/robot_move/install/lslidar_msgs/lib/python3.12/site-packages/lslidar_msgs/lslidar_msgs_s__rosidl_typesupport_fastrtps_c.so\n'}
[1.269606] (lslidar_msgs) StdoutLine: {'line': b'-- Up-to-date: /home/pi/Desktop/robot_move/install/lslidar_msgs/lib/python3.12/site-packages/lslidar_msgs/lslidar_msgs_s__rosidl_typesupport_introspection_c.so\n'}
[1.276630] (lslidar_msgs) StdoutLine: {'line': b'-- Up-to-date: /home/pi/Desktop/robot_move/install/lslidar_msgs/lib/python3.12/site-packages/lslidar_msgs/lslidar_msgs_s__rosidl_typesupport_c.so\n'}
[1.276886] (lslidar_msgs) StdoutLine: {'line': b'-- Up-to-date: /home/pi/Desktop/robot_move/install/lslidar_msgs/lib/liblslidar_msgs__rosidl_generator_py.so\n'}
[1.277048] (lslidar_msgs) StdoutLine: {'line': b'-- Up-to-date: /home/pi/Desktop/robot_move/install/lslidar_msgs/share/lslidar_msgs/msg/LslidarDifop.idl\n'}
[1.277198] (lslidar_msgs) StdoutLine: {'line': b'-- Up-to-date: /home/pi/Desktop/robot_move/install/lslidar_msgs/share/lslidar_msgs/msg/LslidarPacket.idl\n'}
[1.277342] (lslidar_msgs) StdoutLine: {'line': b'-- Up-to-date: /home/pi/Desktop/robot_move/install/lslidar_msgs/share/lslidar_msgs/msg/LslidarPoint.idl\n'}
[1.277471] (lslidar_msgs) StdoutLine: {'line': b'-- Up-to-date: /home/pi/Desktop/robot_move/install/lslidar_msgs/share/lslidar_msgs/msg/LslidarScan.idl\n'}
[1.280746] (lslidar_msgs) StdoutLine: {'line': b'-- Up-to-date: /home/pi/Desktop/robot_move/install/lslidar_msgs/share/lslidar_msgs/msg/LslidarSweep.idl\n'}
[1.281018] (lslidar_msgs) StdoutLine: {'line': b'-- Up-to-date: /home/pi/Desktop/robot_move/install/lslidar_msgs/share/lslidar_msgs/msg/LslidarDifop.msg\n'}
[1.281215] (lslidar_msgs) StdoutLine: {'line': b'-- Up-to-date: /home/pi/Desktop/robot_move/install/lslidar_msgs/share/lslidar_msgs/msg/LslidarPacket.msg\n'}
[1.281918] (lslidar_msgs) StdoutLine: {'line': b'-- Up-to-date: /home/pi/Desktop/robot_move/install/lslidar_msgs/share/lslidar_msgs/msg/LslidarPoint.msg\n'}
[1.282980] (lslidar_msgs) StdoutLine: {'line': b'-- Up-to-date: /home/pi/Desktop/robot_move/install/lslidar_msgs/share/lslidar_msgs/msg/LslidarScan.msg\n'}
[1.283587] (lslidar_msgs) StdoutLine: {'line': b'-- Up-to-date: /home/pi/Desktop/robot_move/install/lslidar_msgs/share/lslidar_msgs/msg/LslidarSweep.msg\n'}
[1.285303] (lslidar_msgs) StdoutLine: {'line': b'-- Up-to-date: /home/pi/Desktop/robot_move/install/lslidar_msgs/share/ament_index/resource_index/package_run_dependencies/lslidar_msgs\n'}
[1.289344] (lslidar_msgs) StdoutLine: {'line': b'-- Up-to-date: /home/pi/Desktop/robot_move/install/lslidar_msgs/share/ament_index/resource_index/parent_prefix_path/lslidar_msgs\n'}
[1.289702] (lslidar_msgs) StdoutLine: {'line': b'-- Up-to-date: /home/pi/Desktop/robot_move/install/lslidar_msgs/share/lslidar_msgs/environment/ament_prefix_path.sh\n'}
[1.289904] (lslidar_msgs) StdoutLine: {'line': b'-- Up-to-date: /home/pi/Desktop/robot_move/install/lslidar_msgs/share/lslidar_msgs/environment/ament_prefix_path.dsv\n'}
[1.290085] (lslidar_msgs) StdoutLine: {'line': b'-- Up-to-date: /home/pi/Desktop/robot_move/install/lslidar_msgs/share/lslidar_msgs/environment/path.sh\n'}
[1.290232] (lslidar_msgs) StdoutLine: {'line': b'-- Up-to-date: /home/pi/Desktop/robot_move/install/lslidar_msgs/share/lslidar_msgs/environment/path.dsv\n'}
[1.290395] (lslidar_msgs) StdoutLine: {'line': b'-- Up-to-date: /home/pi/Desktop/robot_move/install/lslidar_msgs/share/lslidar_msgs/local_setup.bash\n'}
[1.290733] (lslidar_msgs) StdoutLine: {'line': b'-- Up-to-date: /home/pi/Desktop/robot_move/install/lslidar_msgs/share/lslidar_msgs/local_setup.sh\n'}
[1.291017] (lslidar_msgs) StdoutLine: {'line': b'-- Up-to-date: /home/pi/Desktop/robot_move/install/lslidar_msgs/share/lslidar_msgs/local_setup.zsh\n'}
[1.291185] (lslidar_msgs) StdoutLine: {'line': b'-- Up-to-date: /home/pi/Desktop/robot_move/install/lslidar_msgs/share/lslidar_msgs/local_setup.dsv\n'}
[1.291337] (lslidar_msgs) StdoutLine: {'line': b'-- Installing: /home/pi/Desktop/robot_move/install/lslidar_msgs/share/lslidar_msgs/package.dsv\n'}
[1.291511] (lslidar_msgs) StdoutLine: {'line': b'-- Up-to-date: /home/pi/Desktop/robot_move/install/lslidar_msgs/share/ament_index/resource_index/packages/lslidar_msgs\n'}
[1.291877] (lslidar_msgs) StdoutLine: {'line': b'-- Up-to-date: /home/pi/Desktop/robot_move/install/lslidar_msgs/share/lslidar_msgs/cmake/export_lslidar_msgs__rosidl_generator_cExport.cmake\n'}
[1.292046] (lslidar_msgs) StdoutLine: {'line': b'-- Up-to-date: /home/pi/Desktop/robot_move/install/lslidar_msgs/share/lslidar_msgs/cmake/export_lslidar_msgs__rosidl_generator_cExport-noconfig.cmake\n'}
[1.292227] (lslidar_msgs) StdoutLine: {'line': b'-- Up-to-date: /home/pi/Desktop/robot_move/install/lslidar_msgs/share/lslidar_msgs/cmake/export_lslidar_msgs__rosidl_typesupport_fastrtps_cExport.cmake\n'}
[1.292386] (lslidar_msgs) StdoutLine: {'line': b'-- Up-to-date: /home/pi/Desktop/robot_move/install/lslidar_msgs/share/lslidar_msgs/cmake/export_lslidar_msgs__rosidl_typesupport_fastrtps_cExport-noconfig.cmake\n'}
[1.292590] (lslidar_msgs) StdoutLine: {'line': b'-- Up-to-date: /home/pi/Desktop/robot_move/install/lslidar_msgs/share/lslidar_msgs/cmake/export_lslidar_msgs__rosidl_generator_cppExport.cmake\n'}
[1.292793] (lslidar_msgs) StdoutLine: {'line': b'-- Up-to-date: /home/pi/Desktop/robot_move/install/lslidar_msgs/share/lslidar_msgs/cmake/export_lslidar_msgs__rosidl_typesupport_fastrtps_cppExport.cmake\n'}
[1.292962] (lslidar_msgs) StdoutLine: {'line': b'-- Up-to-date: /home/pi/Desktop/robot_move/install/lslidar_msgs/share/lslidar_msgs/cmake/export_lslidar_msgs__rosidl_typesupport_fastrtps_cppExport-noconfig.cmake\n'}
[1.295241] (lslidar_msgs) StdoutLine: {'line': b'-- Up-to-date: /home/pi/Desktop/robot_move/install/lslidar_msgs/share/lslidar_msgs/cmake/lslidar_msgs__rosidl_typesupport_introspection_cExport.cmake\n'}
[1.295523] (lslidar_msgs) StdoutLine: {'line': b'-- Up-to-date: /home/pi/Desktop/robot_move/install/lslidar_msgs/share/lslidar_msgs/cmake/lslidar_msgs__rosidl_typesupport_introspection_cExport-noconfig.cmake\n'}
[1.295747] (lslidar_msgs) StdoutLine: {'line': b'-- Up-to-date: /home/pi/Desktop/robot_move/install/lslidar_msgs/share/lslidar_msgs/cmake/lslidar_msgs__rosidl_typesupport_cExport.cmake\n'}
[1.295910] (lslidar_msgs) StdoutLine: {'line': b'-- Up-to-date: /home/pi/Desktop/robot_move/install/lslidar_msgs/share/lslidar_msgs/cmake/lslidar_msgs__rosidl_typesupport_cExport-noconfig.cmake\n'}
[1.296943] (lslidar_msgs) StdoutLine: {'line': b'-- Up-to-date: /home/pi/Desktop/robot_move/install/lslidar_msgs/share/lslidar_msgs/cmake/lslidar_msgs__rosidl_typesupport_introspection_cppExport.cmake\n'}
[1.297455] (lslidar_msgs) StdoutLine: {'line': b'-- Up-to-date: /home/pi/Desktop/robot_move/install/lslidar_msgs/share/lslidar_msgs/cmake/lslidar_msgs__rosidl_typesupport_introspection_cppExport-noconfig.cmake\n'}
[1.297730] (lslidar_msgs) StdoutLine: {'line': b'-- Up-to-date: /home/pi/Desktop/robot_move/install/lslidar_msgs/share/lslidar_msgs/cmake/lslidar_msgs__rosidl_typesupport_cppExport.cmake\n'}
[1.297967] (lslidar_msgs) StdoutLine: {'line': b'-- Up-to-date: /home/pi/Desktop/robot_move/install/lslidar_msgs/share/lslidar_msgs/cmake/lslidar_msgs__rosidl_typesupport_cppExport-noconfig.cmake\n'}
[1.298186] (lslidar_msgs) StdoutLine: {'line': b'-- Up-to-date: /home/pi/Desktop/robot_move/install/lslidar_msgs/share/lslidar_msgs/cmake/export_lslidar_msgs__rosidl_generator_pyExport.cmake\n'}
[1.298372] (lslidar_msgs) StdoutLine: {'line': b'-- Up-to-date: /home/pi/Desktop/robot_move/install/lslidar_msgs/share/lslidar_msgs/cmake/export_lslidar_msgs__rosidl_generator_pyExport-noconfig.cmake\n'}
[1.298620] (lslidar_msgs) StdoutLine: {'line': b'-- Up-to-date: /home/pi/Desktop/robot_move/install/lslidar_msgs/share/lslidar_msgs/cmake/rosidl_cmake-extras.cmake\n'}
[1.298893] (lslidar_msgs) StdoutLine: {'line': b'-- Up-to-date: /home/pi/Desktop/robot_move/install/lslidar_msgs/share/lslidar_msgs/cmake/ament_cmake_export_dependencies-extras.cmake\n'}
[1.299148] (lslidar_msgs) StdoutLine: {'line': b'-- Up-to-date: /home/pi/Desktop/robot_move/install/lslidar_msgs/share/lslidar_msgs/cmake/ament_cmake_export_include_directories-extras.cmake\n'}
[1.299381] (lslidar_msgs) StdoutLine: {'line': b'-- Up-to-date: /home/pi/Desktop/robot_move/install/lslidar_msgs/share/lslidar_msgs/cmake/ament_cmake_export_libraries-extras.cmake\n'}
[1.302790] (lslidar_msgs) StdoutLine: {'line': b'-- Up-to-date: /home/pi/Desktop/robot_move/install/lslidar_msgs/share/lslidar_msgs/cmake/ament_cmake_export_targets-extras.cmake\n'}
[1.303077] (lslidar_msgs) StdoutLine: {'line': b'-- Up-to-date: /home/pi/Desktop/robot_move/install/lslidar_msgs/share/lslidar_msgs/cmake/rosidl_cmake_export_typesupport_targets-extras.cmake\n'}
[1.303269] (lslidar_msgs) StdoutLine: {'line': b'-- Up-to-date: /home/pi/Desktop/robot_move/install/lslidar_msgs/share/lslidar_msgs/cmake/rosidl_cmake_export_typesupport_libraries-extras.cmake\n'}
[1.303445] (lslidar_msgs) StdoutLine: {'line': b'-- Up-to-date: /home/pi/Desktop/robot_move/install/lslidar_msgs/share/lslidar_msgs/cmake/lslidar_msgsConfig.cmake\n'}
[1.303670] (lslidar_msgs) StdoutLine: {'line': b'-- Up-to-date: /home/pi/Desktop/robot_move/install/lslidar_msgs/share/lslidar_msgs/cmake/lslidar_msgsConfig-version.cmake\n'}
[1.303842] (lslidar_msgs) StdoutLine: {'line': b'-- Up-to-date: /home/pi/Desktop/robot_move/install/lslidar_msgs/share/lslidar_msgs/package.xml\n'}
[1.303990] (my_base) JobEnded: {'identifier': 'my_base', 'rc': 0}
[1.304773] (tbot_description) JobStarted: {'identifier': 'tbot_description'}
[1.304881] (lslidar_msgs) CommandEnded: {'returncode': 0}
[1.311316] (-) TimerEvent: {}
[1.360172] (lslidar_msgs) JobEnded: {'identifier': 'lslidar_msgs', 'rc': 0}
[1.363981] (lslidar_driver) JobStarted: {'identifier': 'lslidar_driver'}
[1.367952] (tbot_description) JobProgress: {'identifier': 'tbot_description', 'progress': 'cmake'}
[1.372250] (tbot_description) JobProgress: {'identifier': 'tbot_description', 'progress': 'build'}
[1.372373] (tbot_description) Command: {'cmd': ['/usr/bin/cmake', '--build', '/home/pi/Desktop/robot_move/build/tbot_description', '--', '-j4', '-l4'], 'cwd': '/home/pi/Desktop/robot_move/build/tbot_description', 'env': OrderedDict({'USER': 'pi', 'SSH_CLIENT': '172.20.0.79 61948 22', 'XDG_SESSION_TYPE': 'tty', 'GIT_ASKPASS': '/home/pi/.vscode-server/cli/servers/Stable-8761a5560cfd65fdd19ce7e2bd18dab5c0a4d84e/server/extensions/git/dist/askpass.sh', 'SHLVL': '1', 'LD_LIBRARY_PATH': '/home/pi/Desktop/robot_move/my_base_learn/install/lslidar_msgs/lib:/opt/ros/jazzy/opt/rviz_ogre_vendor/lib:/opt/ros/jazzy/lib/aarch64-linux-gnu:/opt/ros/jazzy/opt/gz_math_vendor/lib:/opt/ros/jazzy/opt/gz_utils_vendor/lib:/opt/ros/jazzy/opt/gz_cmake_vendor/lib:/opt/ros/jazzy/lib', 'BROWSER': '/home/pi/.vscode-server/cli/servers/Stable-8761a5560cfd65fdd19ce7e2bd18dab5c0a4d84e/server/bin/helpers/browser.sh', 'HOME': '/home/pi', 'OLDPWD': '/home/pi/.vscode-server', 'TERM_PROGRAM_VERSION': '1.122.1', 'VSCODE_IPC_HOOK_CLI': '/run/user/1002/vscode-ipc-d22d1906-39e3-48e4-80f7-8c63c4c9f63b.sock', 'ROS_PYTHON_VERSION': '3', 'VSCODE_GIT_ASKPASS_MAIN': '/home/pi/.vscode-server/cli/servers/Stable-8761a5560cfd65fdd19ce7e2bd18dab5c0a4d84e/server/extensions/git/dist/askpass-main.js', 'VSCODE_GIT_ASKPASS_NODE': '/home/pi/.vscode-server/cli/servers/Stable-8761a5560cfd65fdd19ce7e2bd18dab5c0a4d84e/server/node', 'VSCODE_PYTHON_AUTOACTIVATE_GUARD': '1', 'DBUS_SESSION_BUS_ADDRESS': 'unix:path=/run/user/1002/bus', 'COLORTERM': 'truecolor', 'DEBUGINFOD_URLS': 'https://debuginfod.ubuntu.com', 'COLCON_PREFIX_PATH': '/home/pi/Desktop/robot_move/my_base_learn/install', 'ROS_DISTRO': 'jazzy', 'LOGNAME': 'pi', '_': '/usr/bin/colcon', 'ROS_VERSION': '2', 'XDG_SESSION_CLASS': 'user', 'TERM': 'xterm-256color', 'XDG_SESSION_ID': '4', 'PATH': '/home/pi/.vscode-server/cli/servers/Stable-8761a5560cfd65fdd19ce7e2bd18dab5c0a4d84e/server/bin/remote-cli:/opt/ros/jazzy/bin:/usr/local/sbin:/usr/local/bin:/usr/sbin:/usr/bin:/sbin:/bin:/usr/games:/usr/local/games:/snap/bin', 'XDG_RUNTIME_DIR': '/run/user/1002', 'LANG': 'en_US.UTF-8', 'VSCODE_GIT_IPC_HANDLE': '/run/user/1002/vscode-git-c742cdeaad.sock', 'TERM_PROGRAM': 'vscode', 'AMENT_PREFIX_PATH': '/home/pi/Desktop/robot_move/my_base_learn/install/tbot_description:/home/pi/Desktop/robot_move/my_base_learn/install/robot_control:/home/pi/Desktop/robot_move/my_base_learn/install/my_base:/home/pi/Desktop/robot_move/my_base_learn/install/lslidar_driver:/home/pi/Desktop/robot_move/my_base_learn/install/lslidar_msgs:/home/pi/Desktop/robot_move/my_base_learn/install/lidar_test:/opt/ros/jazzy', 'SHELL': '/bin/bash', 'ROS_AUTOMATIC_DISCOVERY_RANGE': 'SUBNET', 'VSCODE_GIT_ASKPASS_EXTRA_ARGS': '', 'PWD': '/home/pi/Desktop/robot_move/build/tbot_description', 'LC_ALL': 'en_US.UTF-8', 'SSH_CONNECTION': '172.20.0.79 61948 172.20.1.242 22', 'XDG_DATA_DIRS': '/usr/share/gnome:/usr/local/share:/usr/share:/var/lib/snapd/desktop', 'PYTHONPATH': '/home/pi/Desktop/robot_move/my_base_learn/install/robot_control/lib/python3.12/site-packages:/home/pi/Desktop/robot_move/my_base_learn/install/lslidar_msgs/lib/python3.12/site-packages:/home/pi/Desktop/robot_move/my_base_learn/install/lidar_test/lib/python3.12/site-packages:/opt/ros/jazzy/lib/python3.12/site-packages', 'COLCON': '1', 'CMAKE_PREFIX_PATH': '/home/pi/Desktop/robot_move/my_base_learn/install/tbot_description:/home/pi/Desktop/robot_move/my_base_learn/install/my_base:/home/pi/Desktop/robot_move/my_base_learn/install/lslidar_driver:/home/pi/Desktop/robot_move/my_base_learn/install/lslidar_msgs:/opt/ros/jazzy/opt/gz_math_vendor:/opt/ros/jazzy/opt/gz_utils_vendor:/opt/ros/jazzy/opt/gz_cmake_vendor:/home/pi/Desktop/robot_move/my_base_learn/install/robot_control:/home/pi/Desktop/robot_move/my_base_learn/install/lidar_test:/opt/ros/jazzy'}), 'shell': False}
[1.391739] (lslidar_driver) JobProgress: {'identifier': 'lslidar_driver', 'progress': 'cmake'}
[1.398487] (lslidar_driver) JobProgress: {'identifier': 'lslidar_driver', 'progress': 'build'}
[1.402350] (lslidar_driver) Command: {'cmd': ['/usr/bin/cmake', '--build', '/home/pi/Desktop/robot_move/build/lslidar_driver', '--', '-j4', '-l4'], 'cwd': '/home/pi/Desktop/robot_move/build/lslidar_driver', 'env': OrderedDict({'USER': 'pi', 'SSH_CLIENT': '172.20.0.79 61948 22', 'XDG_SESSION_TYPE': 'tty', 'GIT_ASKPASS': '/home/pi/.vscode-server/cli/servers/Stable-8761a5560cfd65fdd19ce7e2bd18dab5c0a4d84e/server/extensions/git/dist/askpass.sh', 'SHLVL': '1', 'LD_LIBRARY_PATH': '/home/pi/Desktop/robot_move/install/lslidar_msgs/lib:/home/pi/Desktop/robot_move/my_base_learn/install/lslidar_msgs/lib:/opt/ros/jazzy/opt/rviz_ogre_vendor/lib:/opt/ros/jazzy/lib/aarch64-linux-gnu:/opt/ros/jazzy/opt/gz_math_vendor/lib:/opt/ros/jazzy/opt/gz_utils_vendor/lib:/opt/ros/jazzy/opt/gz_cmake_vendor/lib:/opt/ros/jazzy/lib', 'BROWSER': '/home/pi/.vscode-server/cli/servers/Stable-8761a5560cfd65fdd19ce7e2bd18dab5c0a4d84e/server/bin/helpers/browser.sh', 'HOME': '/home/pi', 'OLDPWD': '/home/pi/.vscode-server', 'TERM_PROGRAM_VERSION': '1.122.1', 'VSCODE_IPC_HOOK_CLI': '/run/user/1002/vscode-ipc-d22d1906-39e3-48e4-80f7-8c63c4c9f63b.sock', 'ROS_PYTHON_VERSION': '3', 'VSCODE_GIT_ASKPASS_MAIN': '/home/pi/.vscode-server/cli/servers/Stable-8761a5560cfd65fdd19ce7e2bd18dab5c0a4d84e/server/extensions/git/dist/askpass-main.js', 'VSCODE_GIT_ASKPASS_NODE': '/home/pi/.vscode-server/cli/servers/Stable-8761a5560cfd65fdd19ce7e2bd18dab5c0a4d84e/server/node', 'VSCODE_PYTHON_AUTOACTIVATE_GUARD': '1', 'DBUS_SESSION_BUS_ADDRESS': 'unix:path=/run/user/1002/bus', 'COLORTERM': 'truecolor', 'DEBUGINFOD_URLS': 'https://debuginfod.ubuntu.com', 'COLCON_PREFIX_PATH': '/home/pi/Desktop/robot_move/my_base_learn/install', 'ROS_DISTRO': 'jazzy', 'LOGNAME': 'pi', '_': '/usr/bin/colcon', 'ROS_VERSION': '2', 'XDG_SESSION_CLASS': 'user', 'TERM': 'xterm-256color', 'XDG_SESSION_ID': '4', 'PATH': '/home/pi/.vscode-server/cli/servers/Stable-8761a5560cfd65fdd19ce7e2bd18dab5c0a4d84e/server/bin/remote-cli:/opt/ros/jazzy/bin:/usr/local/sbin:/usr/local/bin:/usr/sbin:/usr/bin:/sbin:/bin:/usr/games:/usr/local/games:/snap/bin', 'XDG_RUNTIME_DIR': '/run/user/1002', 'LANG': 'en_US.UTF-8', 'VSCODE_GIT_IPC_HANDLE': '/run/user/1002/vscode-git-c742cdeaad.sock', 'TERM_PROGRAM': 'vscode', 'AMENT_PREFIX_PATH': '/home/pi/Desktop/robot_move/install/lslidar_msgs:/home/pi/Desktop/robot_move/my_base_learn/install/tbot_description:/home/pi/Desktop/robot_move/my_base_learn/install/robot_control:/home/pi/Desktop/robot_move/my_base_learn/install/my_base:/home/pi/Desktop/robot_move/my_base_learn/install/lslidar_driver:/home/pi/Desktop/robot_move/my_base_learn/install/lslidar_msgs:/home/pi/Desktop/robot_move/my_base_learn/install/lidar_test:/opt/ros/jazzy', 'SHELL': '/bin/bash', 'ROS_AUTOMATIC_DISCOVERY_RANGE': 'SUBNET', 'VSCODE_GIT_ASKPASS_EXTRA_ARGS': '', 'PWD': '/home/pi/Desktop/robot_move/build/lslidar_driver', 'LC_ALL': 'en_US.UTF-8', 'SSH_CONNECTION': '172.20.0.79 61948 172.20.1.242 22', 'XDG_DATA_DIRS': '/usr/share/gnome:/usr/local/share:/usr/share:/var/lib/snapd/desktop', 'PYTHONPATH': '/home/pi/Desktop/robot_move/install/lslidar_msgs/lib/python3.12/site-packages:/home/pi/Desktop/robot_move/my_base_learn/install/robot_control/lib/python3.12/site-packages:/home/pi/Desktop/robot_move/my_base_learn/install/lslidar_msgs/lib/python3.12/site-packages:/home/pi/Desktop/robot_move/my_base_learn/install/lidar_test/lib/python3.12/site-packages:/opt/ros/jazzy/lib/python3.12/site-packages', 'COLCON': '1', 'CMAKE_PREFIX_PATH': '/home/pi/Desktop/robot_move/install/lslidar_msgs:/home/pi/Desktop/robot_move/my_base_learn/install/tbot_description:/home/pi/Desktop/robot_move/my_base_learn/install/my_base:/home/pi/Desktop/robot_move/my_base_learn/install/lslidar_driver:/home/pi/Desktop/robot_move/my_base_learn/install/lslidar_msgs:/opt/ros/jazzy/opt/gz_math_vendor:/opt/ros/jazzy/opt/gz_utils_vendor:/opt/ros/jazzy/opt/gz_cmake_vendor:/home/pi/Desktop/robot_move/my_base_learn/install/robot_control:/home/pi/Desktop/robot_move/my_base_learn/install/lidar_test:/opt/ros/jazzy'}), 'shell': False}
[1.417910] (-) TimerEvent: {}
[1.519457] (-) TimerEvent: {}
[1.552858] (tbot_description) CommandEnded: {'returncode': 0}
[1.553389] (tbot_description) JobProgress: {'identifier': 'tbot_description', 'progress': 'install'}
[1.553432] (tbot_description) Command: {'cmd': ['/usr/bin/cmake', '--install', '/home/pi/Desktop/robot_move/build/tbot_description'], 'cwd': '/home/pi/Desktop/robot_move/build/tbot_description', 'env': OrderedDict({'USER': 'pi', 'SSH_CLIENT': '172.20.0.79 61948 22', 'XDG_SESSION_TYPE': 'tty', 'GIT_ASKPASS': '/home/pi/.vscode-server/cli/servers/Stable-8761a5560cfd65fdd19ce7e2bd18dab5c0a4d84e/server/extensions/git/dist/askpass.sh', 'SHLVL': '1', 'LD_LIBRARY_PATH': '/home/pi/Desktop/robot_move/my_base_learn/install/lslidar_msgs/lib:/opt/ros/jazzy/opt/rviz_ogre_vendor/lib:/opt/ros/jazzy/lib/aarch64-linux-gnu:/opt/ros/jazzy/opt/gz_math_vendor/lib:/opt/ros/jazzy/opt/gz_utils_vendor/lib:/opt/ros/jazzy/opt/gz_cmake_vendor/lib:/opt/ros/jazzy/lib', 'BROWSER': '/home/pi/.vscode-server/cli/servers/Stable-8761a5560cfd65fdd19ce7e2bd18dab5c0a4d84e/server/bin/helpers/browser.sh', 'HOME': '/home/pi', 'OLDPWD': '/home/pi/.vscode-server', 'TERM_PROGRAM_VERSION': '1.122.1', 'VSCODE_IPC_HOOK_CLI': '/run/user/1002/vscode-ipc-d22d1906-39e3-48e4-80f7-8c63c4c9f63b.sock', 'ROS_PYTHON_VERSION': '3', 'VSCODE_GIT_ASKPASS_MAIN': '/home/pi/.vscode-server/cli/servers/Stable-8761a5560cfd65fdd19ce7e2bd18dab5c0a4d84e/server/extensions/git/dist/askpass-main.js', 'VSCODE_GIT_ASKPASS_NODE': '/home/pi/.vscode-server/cli/servers/Stable-8761a5560cfd65fdd19ce7e2bd18dab5c0a4d84e/server/node', 'VSCODE_PYTHON_AUTOACTIVATE_GUARD': '1', 'DBUS_SESSION_BUS_ADDRESS': 'unix:path=/run/user/1002/bus', 'COLORTERM': 'truecolor', 'DEBUGINFOD_URLS': 'https://debuginfod.ubuntu.com', 'COLCON_PREFIX_PATH': '/home/pi/Desktop/robot_move/my_base_learn/install', 'ROS_DISTRO': 'jazzy', 'LOGNAME': 'pi', '_': '/usr/bin/colcon', 'ROS_VERSION': '2', 'XDG_SESSION_CLASS': 'user', 'TERM': 'xterm-256color', 'XDG_SESSION_ID': '4', 'PATH': '/home/pi/.vscode-server/cli/servers/Stable-8761a5560cfd65fdd19ce7e2bd18dab5c0a4d84e/server/bin/remote-cli:/opt/ros/jazzy/bin:/usr/local/sbin:/usr/local/bin:/usr/sbin:/usr/bin:/sbin:/bin:/usr/games:/usr/local/games:/snap/bin', 'XDG_RUNTIME_DIR': '/run/user/1002', 'LANG': 'en_US.UTF-8', 'VSCODE_GIT_IPC_HANDLE': '/run/user/1002/vscode-git-c742cdeaad.sock', 'TERM_PROGRAM': 'vscode', 'AMENT_PREFIX_PATH': '/home/pi/Desktop/robot_move/my_base_learn/install/tbot_description:/home/pi/Desktop/robot_move/my_base_learn/install/robot_control:/home/pi/Desktop/robot_move/my_base_learn/install/my_base:/home/pi/Desktop/robot_move/my_base_learn/install/lslidar_driver:/home/pi/Desktop/robot_move/my_base_learn/install/lslidar_msgs:/home/pi/Desktop/robot_move/my_base_learn/install/lidar_test:/opt/ros/jazzy', 'SHELL': '/bin/bash', 'ROS_AUTOMATIC_DISCOVERY_RANGE': 'SUBNET', 'VSCODE_GIT_ASKPASS_EXTRA_ARGS': '', 'PWD': '/home/pi/Desktop/robot_move/build/tbot_description', 'LC_ALL': 'en_US.UTF-8', 'SSH_CONNECTION': '172.20.0.79 61948 172.20.1.242 22', 'XDG_DATA_DIRS': '/usr/share/gnome:/usr/local/share:/usr/share:/var/lib/snapd/desktop', 'PYTHONPATH': '/home/pi/Desktop/robot_move/my_base_learn/install/robot_control/lib/python3.12/site-packages:/home/pi/Desktop/robot_move/my_base_learn/install/lslidar_msgs/lib/python3.12/site-packages:/home/pi/Desktop/robot_move/my_base_learn/install/lidar_test/lib/python3.12/site-packages:/opt/ros/jazzy/lib/python3.12/site-packages', 'COLCON': '1', 'CMAKE_PREFIX_PATH': '/home/pi/Desktop/robot_move/my_base_learn/install/tbot_description:/home/pi/Desktop/robot_move/my_base_learn/install/my_base:/home/pi/Desktop/robot_move/my_base_learn/install/lslidar_driver:/home/pi/Desktop/robot_move/my_base_learn/install/lslidar_msgs:/opt/ros/jazzy/opt/gz_math_vendor:/opt/ros/jazzy/opt/gz_utils_vendor:/opt/ros/jazzy/opt/gz_cmake_vendor:/home/pi/Desktop/robot_move/my_base_learn/install/robot_control:/home/pi/Desktop/robot_move/my_base_learn/install/lidar_test:/opt/ros/jazzy'}), 'shell': False}
[1.581656] (tbot_description) StdoutLine: {'line': b'-- Install configuration: ""\n'}
[1.582042] (tbot_description) StdoutLine: {'line': b'-- Up-to-date: /home/pi/Desktop/robot_move/install/tbot_description/share/tbot_description/urdf\n'}
[1.582218] (tbot_description) StdoutLine: {'line': b'-- Up-to-date: /home/pi/Desktop/robot_move/install/tbot_description/share/tbot_description/urdf/tbot.urdf\n'}
[1.582366] (tbot_description) StdoutLine: {'line': b'-- Up-to-date: /home/pi/Desktop/robot_move/install/tbot_description/share/tbot_description/urdf/tbot_description.gv\n'}
[1.582489] (tbot_description) StdoutLine: {'line': b'-- Up-to-date: /home/pi/Desktop/robot_move/install/tbot_description/share/tbot_description/urdf/tbot_description.pdf\n'}
[1.582665] (tbot_description) StdoutLine: {'line': b'-- Up-to-date: /home/pi/Desktop/robot_move/install/tbot_description/share/tbot_description/meshes\n'}
[1.582822] (tbot_description) StdoutLine: {'line': b'-- Up-to-date: /home/pi/Desktop/robot_move/install/tbot_description/share/tbot_description/meshes/right_wheel_Link.STL\n'}
[1.582961] (tbot_description) StdoutLine: {'line': b'-- Up-to-date: /home/pi/Desktop/robot_move/install/tbot_description/share/tbot_description/meshes/ultrasonic_Link.STL\n'}
[1.583109] (tbot_description) StdoutLine: {'line': b'-- Up-to-date: /home/pi/Desktop/robot_move/install/tbot_description/share/tbot_description/meshes/base_link.STL\n'}
[1.583243] (tbot_description) StdoutLine: {'line': b'-- Up-to-date: /home/pi/Desktop/robot_move/install/tbot_description/share/tbot_description/meshes/camera_Link.STL\n'}
[1.583362] (tbot_description) StdoutLine: {'line': b'-- Up-to-date: /home/pi/Desktop/robot_move/install/tbot_description/share/tbot_description/meshes/laser_Link.STL\n'}
[1.583504] (tbot_description) StdoutLine: {'line': b'-- Up-to-date: /home/pi/Desktop/robot_move/install/tbot_description/share/tbot_description/meshes/left_wheel_Link.STL\n'}
[1.583709] (tbot_description) StdoutLine: {'line': b'-- Up-to-date: /home/pi/Desktop/robot_move/install/tbot_description/share/tbot_description/meshes/imu_Link.STL\n'}
[1.583835] (tbot_description) StdoutLine: {'line': b'-- Up-to-date: /home/pi/Desktop/robot_move/install/tbot_description/share/tbot_description/launch\n'}
[1.583956] (tbot_description) StdoutLine: {'line': b'-- Up-to-date: /home/pi/Desktop/robot_move/install/tbot_description/share/tbot_description/launch/display.launch\n'}
[1.584079] (tbot_description) StdoutLine: {'line': b'-- Up-to-date: /home/pi/Desktop/robot_move/install/tbot_description/share/tbot_description/config\n'}
[1.584189] (tbot_description) StdoutLine: {'line': b'-- Up-to-date: /home/pi/Desktop/robot_move/install/tbot_description/share/ament_index/resource_index/package_run_dependencies/tbot_description\n'}
[1.584304] (tbot_description) StdoutLine: {'line': b'-- Up-to-date: /home/pi/Desktop/robot_move/install/tbot_description/share/ament_index/resource_index/parent_prefix_path/tbot_description\n'}
[1.584417] (tbot_description) StdoutLine: {'line': b'-- Up-to-date: /home/pi/Desktop/robot_move/install/tbot_description/share/tbot_description/environment/ament_prefix_path.sh\n'}
[1.584551] (tbot_description) StdoutLine: {'line': b'-- Up-to-date: /home/pi/Desktop/robot_move/install/tbot_description/share/tbot_description/environment/ament_prefix_path.dsv\n'}
[1.598560] (tbot_description) StdoutLine: {'line': b'-- Up-to-date: /home/pi/Desktop/robot_move/install/tbot_description/share/tbot_description/environment/path.sh\n'}
[1.601812] (tbot_description) StdoutLine: {'line': b'-- Up-to-date: /home/pi/Desktop/robot_move/install/tbot_description/share/tbot_description/environment/path.dsv\n'}
[1.602363] (tbot_description) StdoutLine: {'line': b'-- Up-to-date: /home/pi/Desktop/robot_move/install/tbot_description/share/tbot_description/local_setup.bash\n'}
[1.605644] (tbot_description) StdoutLine: {'line': b'-- Up-to-date: /home/pi/Desktop/robot_move/install/tbot_description/share/tbot_description/local_setup.sh\n'}
[1.607084] (tbot_description) StdoutLine: {'line': b'-- Up-to-date: /home/pi/Desktop/robot_move/install/tbot_description/share/tbot_description/local_setup.zsh\n'}
[1.607488] (tbot_description) StdoutLine: {'line': b'-- Up-to-date: /home/pi/Desktop/robot_move/install/tbot_description/share/tbot_description/local_setup.dsv\n'}
[1.608832] (tbot_description) StdoutLine: {'line': b'-- Up-to-date: /home/pi/Desktop/robot_move/install/tbot_description/share/tbot_description/package.dsv\n'}
[1.609046] (tbot_description) StdoutLine: {'line': b'-- Up-to-date: /home/pi/Desktop/robot_move/install/tbot_description/share/ament_index/resource_index/packages/tbot_description\n'}
[1.609201] (tbot_description) StdoutLine: {'line': b'-- Up-to-date: /home/pi/Desktop/robot_move/install/tbot_description/share/tbot_description/cmake/tbot_descriptionConfig.cmake\n'}
[1.609345] (tbot_description) StdoutLine: {'line': b'-- Up-to-date: /home/pi/Desktop/robot_move/install/tbot_description/share/tbot_description/cmake/tbot_descriptionConfig-version.cmake\n'}
[1.609489] (tbot_description) StdoutLine: {'line': b'-- Up-to-date: /home/pi/Desktop/robot_move/install/tbot_description/share/tbot_description/package.xml\n'}
[1.609693] (tbot_description) CommandEnded: {'returncode': 0}
[1.621998] (-) TimerEvent: {}
[1.652888] (lslidar_driver) StdoutLine: {'line': b'[100%] Built target lslidar_driver_node\n'}
[1.668947] (tbot_description) JobEnded: {'identifier': 'tbot_description', 'rc': 0}
[1.699632] (lslidar_driver) CommandEnded: {'returncode': 0}
[1.702282] (lslidar_driver) JobProgress: {'identifier': 'lslidar_driver', 'progress': 'install'}
[1.702395] (lslidar_driver) Command: {'cmd': ['/usr/bin/cmake', '--install', '/home/pi/Desktop/robot_move/build/lslidar_driver'], 'cwd': '/home/pi/Desktop/robot_move/build/lslidar_driver', 'env': OrderedDict({'USER': 'pi', 'SSH_CLIENT': '172.20.0.79 61948 22', 'XDG_SESSION_TYPE': 'tty', 'GIT_ASKPASS': '/home/pi/.vscode-server/cli/servers/Stable-8761a5560cfd65fdd19ce7e2bd18dab5c0a4d84e/server/extensions/git/dist/askpass.sh', 'SHLVL': '1', 'LD_LIBRARY_PATH': '/home/pi/Desktop/robot_move/install/lslidar_msgs/lib:/home/pi/Desktop/robot_move/my_base_learn/install/lslidar_msgs/lib:/opt/ros/jazzy/opt/rviz_ogre_vendor/lib:/opt/ros/jazzy/lib/aarch64-linux-gnu:/opt/ros/jazzy/opt/gz_math_vendor/lib:/opt/ros/jazzy/opt/gz_utils_vendor/lib:/opt/ros/jazzy/opt/gz_cmake_vendor/lib:/opt/ros/jazzy/lib', 'BROWSER': '/home/pi/.vscode-server/cli/servers/Stable-8761a5560cfd65fdd19ce7e2bd18dab5c0a4d84e/server/bin/helpers/browser.sh', 'HOME': '/home/pi', 'OLDPWD': '/home/pi/.vscode-server', 'TERM_PROGRAM_VERSION': '1.122.1', 'VSCODE_IPC_HOOK_CLI': '/run/user/1002/vscode-ipc-d22d1906-39e3-48e4-80f7-8c63c4c9f63b.sock', 'ROS_PYTHON_VERSION': '3', 'VSCODE_GIT_ASKPASS_MAIN': '/home/pi/.vscode-server/cli/servers/Stable-8761a5560cfd65fdd19ce7e2bd18dab5c0a4d84e/server/extensions/git/dist/askpass-main.js', 'VSCODE_GIT_ASKPASS_NODE': '/home/pi/.vscode-server/cli/servers/Stable-8761a5560cfd65fdd19ce7e2bd18dab5c0a4d84e/server/node', 'VSCODE_PYTHON_AUTOACTIVATE_GUARD': '1', 'DBUS_SESSION_BUS_ADDRESS': 'unix:path=/run/user/1002/bus', 'COLORTERM': 'truecolor', 'DEBUGINFOD_URLS': 'https://debuginfod.ubuntu.com', 'COLCON_PREFIX_PATH': '/home/pi/Desktop/robot_move/my_base_learn/install', 'ROS_DISTRO': 'jazzy', 'LOGNAME': 'pi', '_': '/usr/bin/colcon', 'ROS_VERSION': '2', 'XDG_SESSION_CLASS': 'user', 'TERM': 'xterm-256color', 'XDG_SESSION_ID': '4', 'PATH': '/home/pi/.vscode-server/cli/servers/Stable-8761a5560cfd65fdd19ce7e2bd18dab5c0a4d84e/server/bin/remote-cli:/opt/ros/jazzy/bin:/usr/local/sbin:/usr/local/bin:/usr/sbin:/usr/bin:/sbin:/bin:/usr/games:/usr/local/games:/snap/bin', 'XDG_RUNTIME_DIR': '/run/user/1002', 'LANG': 'en_US.UTF-8', 'VSCODE_GIT_IPC_HANDLE': '/run/user/1002/vscode-git-c742cdeaad.sock', 'TERM_PROGRAM': 'vscode', 'AMENT_PREFIX_PATH': '/home/pi/Desktop/robot_move/install/lslidar_msgs:/home/pi/Desktop/robot_move/my_base_learn/install/tbot_description:/home/pi/Desktop/robot_move/my_base_learn/install/robot_control:/home/pi/Desktop/robot_move/my_base_learn/install/my_base:/home/pi/Desktop/robot_move/my_base_learn/install/lslidar_driver:/home/pi/Desktop/robot_move/my_base_learn/install/lslidar_msgs:/home/pi/Desktop/robot_move/my_base_learn/install/lidar_test:/opt/ros/jazzy', 'SHELL': '/bin/bash', 'ROS_AUTOMATIC_DISCOVERY_RANGE': 'SUBNET', 'VSCODE_GIT_ASKPASS_EXTRA_ARGS': '', 'PWD': '/home/pi/Desktop/robot_move/build/lslidar_driver', 'LC_ALL': 'en_US.UTF-8', 'SSH_CONNECTION': '172.20.0.79 61948 172.20.1.242 22', 'XDG_DATA_DIRS': '/usr/share/gnome:/usr/local/share:/usr/share:/var/lib/snapd/desktop', 'PYTHONPATH': '/home/pi/Desktop/robot_move/install/lslidar_msgs/lib/python3.12/site-packages:/home/pi/Desktop/robot_move/my_base_learn/install/robot_control/lib/python3.12/site-packages:/home/pi/Desktop/robot_move/my_base_learn/install/lslidar_msgs/lib/python3.12/site-packages:/home/pi/Desktop/robot_move/my_base_learn/install/lidar_test/lib/python3.12/site-packages:/opt/ros/jazzy/lib/python3.12/site-packages', 'COLCON': '1', 'CMAKE_PREFIX_PATH': '/home/pi/Desktop/robot_move/install/lslidar_msgs:/home/pi/Desktop/robot_move/my_base_learn/install/tbot_description:/home/pi/Desktop/robot_move/my_base_learn/install/my_base:/home/pi/Desktop/robot_move/my_base_learn/install/lslidar_driver:/home/pi/Desktop/robot_move/my_base_learn/install/lslidar_msgs:/opt/ros/jazzy/opt/gz_math_vendor:/opt/ros/jazzy/opt/gz_utils_vendor:/opt/ros/jazzy/opt/gz_cmake_vendor:/home/pi/Desktop/robot_move/my_base_learn/install/robot_control:/home/pi/Desktop/robot_move/my_base_learn/install/lidar_test:/opt/ros/jazzy'}), 'shell': False}
[1.721835] (lslidar_driver) StdoutLine: {'line': b'-- Install configuration: ""\n'}
[1.724854] (-) TimerEvent: {}
[1.725036] (lslidar_driver) StdoutLine: {'line': b'-- Up-to-date: /home/pi/Desktop/robot_move/install/lslidar_driver/share/lslidar_driver/launch\n'}
[1.725224] (lslidar_driver) StdoutLine: {'line': b'-- Up-to-date: /home/pi/Desktop/robot_move/install/lslidar_driver/share/lslidar_driver/launch/lslidar_double_launch.py\n'}
[1.725365] (lslidar_driver) StdoutLine: {'line': b'-- Up-to-date: /home/pi/Desktop/robot_move/install/lslidar_driver/share/lslidar_driver/launch/lsn10p_launch.py\n'}
[1.725495] (lslidar_driver) StdoutLine: {'line': b'-- Up-to-date: /home/pi/Desktop/robot_move/install/lslidar_driver/share/lslidar_driver/launch/viewer_scan_launch.py\n'}
[1.725665] (lslidar_driver) StdoutLine: {'line': b'-- Up-to-date: /home/pi/Desktop/robot_move/install/lslidar_driver/share/lslidar_driver/params\n'}
[1.725813] (lslidar_driver) StdoutLine: {'line': b'-- Up-to-date: /home/pi/Desktop/robot_move/install/lslidar_driver/share/lslidar_driver/params/lidar_uart_ros2\n'}
[1.727471] (lslidar_driver) StdoutLine: {'line': b'-- Up-to-date: /home/pi/Desktop/robot_move/install/lslidar_driver/share/lslidar_driver/params/lidar_uart_ros2/lsn10.yaml\n'}
[1.727812] (lslidar_driver) StdoutLine: {'line': b'-- Up-to-date: /home/pi/Desktop/robot_move/install/lslidar_driver/share/lslidar_driver/params/lidar_uart_ros2/lsn10p.yaml\n'}
[1.727978] (lslidar_driver) StdoutLine: {'line': b'-- Up-to-date: /home/pi/Desktop/robot_move/install/lslidar_driver/share/lslidar_driver/rviz\n'}
[1.728106] (lslidar_driver) StdoutLine: {'line': b'-- Up-to-date: /home/pi/Desktop/robot_move/install/lslidar_driver/share/lslidar_driver/rviz/lslidar.rviz\n'}
[1.728223] (lslidar_driver) StdoutLine: {'line': b'-- Up-to-date: /home/pi/Desktop/robot_move/install/lslidar_driver/lib/lslidar_driver/lslidar_driver_node\n'}
[1.728347] (lslidar_driver) StdoutLine: {'line': b'-- Up-to-date: /home/pi/Desktop/robot_move/install/lslidar_driver/share/ament_index/resource_index/package_run_dependencies/lslidar_driver\n'}
[1.728473] (lslidar_driver) StdoutLine: {'line': b'-- Up-to-date: /home/pi/Desktop/robot_move/install/lslidar_driver/share/ament_index/resource_index/parent_prefix_path/lslidar_driver\n'}
[1.728614] (lslidar_driver) StdoutLine: {'line': b'-- Up-to-date: /home/pi/Desktop/robot_move/install/lslidar_driver/share/lslidar_driver/environment/ament_prefix_path.sh\n'}
[1.728807] (lslidar_driver) StdoutLine: {'line': b'-- Up-to-date: /home/pi/Desktop/robot_move/install/lslidar_driver/share/lslidar_driver/environment/ament_prefix_path.dsv\n'}
[1.729022] (lslidar_driver) StdoutLine: {'line': b'-- Up-to-date: /home/pi/Desktop/robot_move/install/lslidar_driver/share/lslidar_driver/environment/path.sh\n'}
[1.729175] (lslidar_driver) StdoutLine: {'line': b'-- Up-to-date: /home/pi/Desktop/robot_move/install/lslidar_driver/share/lslidar_driver/environment/path.dsv\n'}
[1.729338] (lslidar_driver) StdoutLine: {'line': b'-- Up-to-date: /home/pi/Desktop/robot_move/install/lslidar_driver/share/lslidar_driver/local_setup.bash\n'}
[1.729481] (lslidar_driver) StdoutLine: {'line': b'-- Up-to-date: /home/pi/Desktop/robot_move/install/lslidar_driver/share/lslidar_driver/local_setup.sh\n'}
[1.729637] (lslidar_driver) StdoutLine: {'line': b'-- Up-to-date: /home/pi/Desktop/robot_move/install/lslidar_driver/share/lslidar_driver/local_setup.zsh\n'}
[1.729835] (lslidar_driver) StdoutLine: {'line': b'-- Up-to-date: /home/pi/Desktop/robot_move/install/lslidar_driver/share/lslidar_driver/local_setup.dsv\n'}
[1.729981] (lslidar_driver) StdoutLine: {'line': b'-- Installing: /home/pi/Desktop/robot_move/install/lslidar_driver/share/lslidar_driver/package.dsv\n'}
[1.730101] (lslidar_driver) StdoutLine: {'line': b'-- Up-to-date: /home/pi/Desktop/robot_move/install/lslidar_driver/share/ament_index/resource_index/packages/lslidar_driver\n'}
[1.730224] (lslidar_driver) StdoutLine: {'line': b'-- Up-to-date: /home/pi/Desktop/robot_move/install/lslidar_driver/share/lslidar_driver/cmake/ament_cmake_export_dependencies-extras.cmake\n'}
[1.730356] (lslidar_driver) StdoutLine: {'line': b'-- Up-to-date: /home/pi/Desktop/robot_move/install/lslidar_driver/share/lslidar_driver/cmake/lslidar_driverConfig.cmake\n'}
[1.735439] (lslidar_driver) StdoutLine: {'line': b'-- Up-to-date: /home/pi/Desktop/robot_move/install/lslidar_driver/share/lslidar_driver/cmake/lslidar_driverConfig-version.cmake\n'}
[1.735786] (lslidar_driver) StdoutLine: {'line': b'-- Up-to-date: /home/pi/Desktop/robot_move/install/lslidar_driver/share/lslidar_driver/package.xml\n'}
[1.738878] (lslidar_driver) CommandEnded: {'returncode': 0}
[1.771749] (lslidar_driver) JobEnded: {'identifier': 'lslidar_driver', 'rc': 0}
[1.824981] (-) TimerEvent: {}
[1.925344] (-) TimerEvent: {}
[2.025904] (-) TimerEvent: {}
[2.126519] (-) TimerEvent: {}
[2.228989] (-) TimerEvent: {}
[2.293991] (lidar_test) Command: {'cmd': ['/usr/bin/python3', '-W', 'ignore:setup.py install is deprecated', '-W', 'ignore:easy_install command is deprecated', 'setup.py', 'egg_info', '--egg-base', '../../../build/lidar_test', 'build', '--build-base', '/home/pi/Desktop/robot_move/build/lidar_test/build', 'install', '--record', '/home/pi/Desktop/robot_move/build/lidar_test/install.log', '--single-version-externally-managed', 'install_data'], 'cwd': '/home/pi/Desktop/robot_move/my_base_learn/src/lidar_test', 'env': {'USER': 'pi', 'SSH_CLIENT': '172.20.0.79 61948 22', 'XDG_SESSION_TYPE': 'tty', 'GIT_ASKPASS': '/home/pi/.vscode-server/cli/servers/Stable-8761a5560cfd65fdd19ce7e2bd18dab5c0a4d84e/server/extensions/git/dist/askpass.sh', 'SHLVL': '1', 'LD_LIBRARY_PATH': '/home/pi/Desktop/robot_move/my_base_learn/install/lslidar_msgs/lib:/opt/ros/jazzy/opt/rviz_ogre_vendor/lib:/opt/ros/jazzy/lib/aarch64-linux-gnu:/opt/ros/jazzy/opt/gz_math_vendor/lib:/opt/ros/jazzy/opt/gz_utils_vendor/lib:/opt/ros/jazzy/opt/gz_cmake_vendor/lib:/opt/ros/jazzy/lib', 'BROWSER': '/home/pi/.vscode-server/cli/servers/Stable-8761a5560cfd65fdd19ce7e2bd18dab5c0a4d84e/server/bin/helpers/browser.sh', 'HOME': '/home/pi', 'OLDPWD': '/home/pi/.vscode-server', 'TERM_PROGRAM_VERSION': '1.122.1', 'VSCODE_IPC_HOOK_CLI': '/run/user/1002/vscode-ipc-d22d1906-39e3-48e4-80f7-8c63c4c9f63b.sock', 'ROS_PYTHON_VERSION': '3', 'VSCODE_GIT_ASKPASS_MAIN': '/home/pi/.vscode-server/cli/servers/Stable-8761a5560cfd65fdd19ce7e2bd18dab5c0a4d84e/server/extensions/git/dist/askpass-main.js', 'VSCODE_GIT_ASKPASS_NODE': '/home/pi/.vscode-server/cli/servers/Stable-8761a5560cfd65fdd19ce7e2bd18dab5c0a4d84e/server/node', 'VSCODE_PYTHON_AUTOACTIVATE_GUARD': '1', 'DBUS_SESSION_BUS_ADDRESS': 'unix:path=/run/user/1002/bus', 'COLORTERM': 'truecolor', 'DEBUGINFOD_URLS': 'https://debuginfod.ubuntu.com', 'COLCON_PREFIX_PATH': '/home/pi/Desktop/robot_move/my_base_learn/install', 'ROS_DISTRO': 'jazzy', 'LOGNAME': 'pi', '_': '/usr/bin/colcon', 'ROS_VERSION': '2', 'XDG_SESSION_CLASS': 'user', 'TERM': 'xterm-256color', 'XDG_SESSION_ID': '4', 'PATH': '/home/pi/.vscode-server/cli/servers/Stable-8761a5560cfd65fdd19ce7e2bd18dab5c0a4d84e/server/bin/remote-cli:/opt/ros/jazzy/bin:/usr/local/sbin:/usr/local/bin:/usr/sbin:/usr/bin:/sbin:/bin:/usr/games:/usr/local/games:/snap/bin', 'XDG_RUNTIME_DIR': '/run/user/1002', 'LANG': 'en_US.UTF-8', 'VSCODE_GIT_IPC_HANDLE': '/run/user/1002/vscode-git-c742cdeaad.sock', 'TERM_PROGRAM': 'vscode', 'AMENT_PREFIX_PATH': '/home/pi/Desktop/robot_move/my_base_learn/install/tbot_description:/home/pi/Desktop/robot_move/my_base_learn/install/robot_control:/home/pi/Desktop/robot_move/my_base_learn/install/my_base:/home/pi/Desktop/robot_move/my_base_learn/install/lslidar_driver:/home/pi/Desktop/robot_move/my_base_learn/install/lslidar_msgs:/home/pi/Desktop/robot_move/my_base_learn/install/lidar_test:/opt/ros/jazzy', 'SHELL': '/bin/bash', 'ROS_AUTOMATIC_DISCOVERY_RANGE': 'SUBNET', 'VSCODE_GIT_ASKPASS_EXTRA_ARGS': '', 'PWD': '/home/pi/Desktop/robot_move/build/lidar_test', 'LC_ALL': 'en_US.UTF-8', 'SSH_CONNECTION': '172.20.0.79 61948 172.20.1.242 22', 'XDG_DATA_DIRS': '/usr/share/gnome:/usr/local/share:/usr/share:/var/lib/snapd/desktop', 'PYTHONPATH': '/home/pi/Desktop/robot_move/build/lidar_test/prefix_override:/usr/lib/python3/dist-packages/colcon_core/task/python/colcon_distutils_commands:/home/pi/Desktop/robot_move/install/lidar_test/lib/python3.12/site-packages:/home/pi/Desktop/robot_move/my_base_learn/install/robot_control/lib/python3.12/site-packages:/home/pi/Desktop/robot_move/my_base_learn/install/lslidar_msgs/lib/python3.12/site-packages:/home/pi/Desktop/robot_move/my_base_learn/install/lidar_test/lib/python3.12/site-packages:/opt/ros/jazzy/lib/python3.12/site-packages', 'COLCON': '1', 'CMAKE_PREFIX_PATH': '/home/pi/Desktop/robot_move/my_base_learn/install/tbot_description:/home/pi/Desktop/robot_move/my_base_learn/install/my_base:/home/pi/Desktop/robot_move/my_base_learn/install/lslidar_driver:/home/pi/Desktop/robot_move/my_base_learn/install/lslidar_msgs:/opt/ros/jazzy/opt/gz_math_vendor:/opt/ros/jazzy/opt/gz_utils_vendor:/opt/ros/jazzy/opt/gz_cmake_vendor'}, 'shell': False}
[2.329109] (-) TimerEvent: {}
[2.429682] (-) TimerEvent: {}
[2.439913] (robot_control) Command: {'cmd': ['/usr/bin/python3', '-W', 'ignore:setup.py install is deprecated', '-W', 'ignore:easy_install command is deprecated', 'setup.py', 'egg_info', '--egg-base', '../../../build/robot_control', 'build', '--build-base', '/home/pi/Desktop/robot_move/build/robot_control/build', 'install', '--record', '/home/pi/Desktop/robot_move/build/robot_control/install.log', '--single-version-externally-managed', 'install_data'], 'cwd': '/home/pi/Desktop/robot_move/my_base_learn/src/robot_control', 'env': {'USER': 'pi', 'SSH_CLIENT': '172.20.0.79 61948 22', 'XDG_SESSION_TYPE': 'tty', 'GIT_ASKPASS': '/home/pi/.vscode-server/cli/servers/Stable-8761a5560cfd65fdd19ce7e2bd18dab5c0a4d84e/server/extensions/git/dist/askpass.sh', 'SHLVL': '1', 'LD_LIBRARY_PATH': '/home/pi/Desktop/robot_move/my_base_learn/install/lslidar_msgs/lib:/opt/ros/jazzy/opt/rviz_ogre_vendor/lib:/opt/ros/jazzy/lib/aarch64-linux-gnu:/opt/ros/jazzy/opt/gz_math_vendor/lib:/opt/ros/jazzy/opt/gz_utils_vendor/lib:/opt/ros/jazzy/opt/gz_cmake_vendor/lib:/opt/ros/jazzy/lib', 'BROWSER': '/home/pi/.vscode-server/cli/servers/Stable-8761a5560cfd65fdd19ce7e2bd18dab5c0a4d84e/server/bin/helpers/browser.sh', 'HOME': '/home/pi', 'OLDPWD': '/home/pi/.vscode-server', 'TERM_PROGRAM_VERSION': '1.122.1', 'VSCODE_IPC_HOOK_CLI': '/run/user/1002/vscode-ipc-d22d1906-39e3-48e4-80f7-8c63c4c9f63b.sock', 'ROS_PYTHON_VERSION': '3', 'VSCODE_GIT_ASKPASS_MAIN': '/home/pi/.vscode-server/cli/servers/Stable-8761a5560cfd65fdd19ce7e2bd18dab5c0a4d84e/server/extensions/git/dist/askpass-main.js', 'VSCODE_GIT_ASKPASS_NODE': '/home/pi/.vscode-server/cli/servers/Stable-8761a5560cfd65fdd19ce7e2bd18dab5c0a4d84e/server/node', 'VSCODE_PYTHON_AUTOACTIVATE_GUARD': '1', 'DBUS_SESSION_BUS_ADDRESS': 'unix:path=/run/user/1002/bus', 'COLORTERM': 'truecolor', 'DEBUGINFOD_URLS': 'https://debuginfod.ubuntu.com', 'COLCON_PREFIX_PATH': '/home/pi/Desktop/robot_move/my_base_learn/install', 'ROS_DISTRO': 'jazzy', 'LOGNAME': 'pi', '_': '/usr/bin/colcon', 'ROS_VERSION': '2', 'XDG_SESSION_CLASS': 'user', 'TERM': 'xterm-256color', 'XDG_SESSION_ID': '4', 'PATH': '/home/pi/.vscode-server/cli/servers/Stable-8761a5560cfd65fdd19ce7e2bd18dab5c0a4d84e/server/bin/remote-cli:/opt/ros/jazzy/bin:/usr/local/sbin:/usr/local/bin:/usr/sbin:/usr/bin:/sbin:/bin:/usr/games:/usr/local/games:/snap/bin', 'XDG_RUNTIME_DIR': '/run/user/1002', 'LANG': 'en_US.UTF-8', 'VSCODE_GIT_IPC_HANDLE': '/run/user/1002/vscode-git-c742cdeaad.sock', 'TERM_PROGRAM': 'vscode', 'AMENT_PREFIX_PATH': '/home/pi/Desktop/robot_move/my_base_learn/install/tbot_description:/home/pi/Desktop/robot_move/my_base_learn/install/robot_control:/home/pi/Desktop/robot_move/my_base_learn/install/my_base:/home/pi/Desktop/robot_move/my_base_learn/install/lslidar_driver:/home/pi/Desktop/robot_move/my_base_learn/install/lslidar_msgs:/home/pi/Desktop/robot_move/my_base_learn/install/lidar_test:/opt/ros/jazzy', 'SHELL': '/bin/bash', 'ROS_AUTOMATIC_DISCOVERY_RANGE': 'SUBNET', 'VSCODE_GIT_ASKPASS_EXTRA_ARGS': '', 'PWD': '/home/pi/Desktop/robot_move/build/robot_control', 'LC_ALL': 'en_US.UTF-8', 'SSH_CONNECTION': '172.20.0.79 61948 172.20.1.242 22', 'XDG_DATA_DIRS': '/usr/share/gnome:/usr/local/share:/usr/share:/var/lib/snapd/desktop', 'PYTHONPATH': '/home/pi/Desktop/robot_move/build/robot_control/prefix_override:/usr/lib/python3/dist-packages/colcon_core/task/python/colcon_distutils_commands:/home/pi/Desktop/robot_move/install/robot_control/lib/python3.12/site-packages:/home/pi/Desktop/robot_move/my_base_learn/install/robot_control/lib/python3.12/site-packages:/home/pi/Desktop/robot_move/my_base_learn/install/lslidar_msgs/lib/python3.12/site-packages:/home/pi/Desktop/robot_move/my_base_learn/install/lidar_test/lib/python3.12/site-packages:/opt/ros/jazzy/lib/python3.12/site-packages', 'COLCON': '1', 'CMAKE_PREFIX_PATH': '/home/pi/Desktop/robot_move/my_base_learn/install/tbot_description:/home/pi/Desktop/robot_move/my_base_learn/install/my_base:/home/pi/Desktop/robot_move/my_base_learn/install/lslidar_driver:/home/pi/Desktop/robot_move/my_base_learn/install/lslidar_msgs:/opt/ros/jazzy/opt/gz_math_vendor:/opt/ros/jazzy/opt/gz_utils_vendor:/opt/ros/jazzy/opt/gz_cmake_vendor'}, 'shell': False}
[2.529776] (-) TimerEvent: {}
[2.630125] (-) TimerEvent: {}
[2.725380] (lidar_test) StdoutLine: {'line': b'running egg_info\n'}
[2.730209] (-) TimerEvent: {}
[2.750984] (lidar_test) StdoutLine: {'line': b'writing ../../../build/lidar_test/lidar_test.egg-info/PKG-INFO\n'}
[2.752044] (lidar_test) StdoutLine: {'line': b'writing dependency_links to ../../../build/lidar_test/lidar_test.egg-info/dependency_links.txt\n'}
[2.752434] (lidar_test) StdoutLine: {'line': b'writing entry points to ../../../build/lidar_test/lidar_test.egg-info/entry_points.txt\n'}
[2.752700] (lidar_test) StdoutLine: {'line': b'writing requirements to ../../../build/lidar_test/lidar_test.egg-info/requires.txt\n'}
[2.752899] (lidar_test) StdoutLine: {'line': b'writing top-level names to ../../../build/lidar_test/lidar_test.egg-info/top_level.txt\n'}
[2.804614] (lidar_test) StdoutLine: {'line': b"reading manifest file '../../../build/lidar_test/lidar_test.egg-info/SOURCES.txt'\n"}
[2.828546] (robot_control) StdoutLine: {'line': b'running egg_info\n'}
[2.830285] (-) TimerEvent: {}
[2.832358] (lidar_test) StdoutLine: {'line': b"writing manifest file '../../../build/lidar_test/lidar_test.egg-info/SOURCES.txt'\n"}
[2.854091] (robot_control) StdoutLine: {'line': b'writing ../../../build/robot_control/robot_control.egg-info/PKG-INFO\n'}
[2.864843] (lidar_test) StdoutLine: {'line': b'running build\n'}
[2.865097] (lidar_test) StdoutLine: {'line': b'running build_py\n'}
[2.865533] (lidar_test) StdoutLine: {'line': b'running install\n'}
[2.866445] (robot_control) StdoutLine: {'line': b'writing dependency_links to ../../../build/robot_control/robot_control.egg-info/dependency_links.txt\n'}
[2.867173] (robot_control) StdoutLine: {'line': b'writing entry points to ../../../build/robot_control/robot_control.egg-info/entry_points.txt\n'}
[2.867348] (robot_control) StdoutLine: {'line': b'writing requirements to ../../../build/robot_control/robot_control.egg-info/requires.txt\n'}
[2.867493] (robot_control) StdoutLine: {'line': b'writing top-level names to ../../../build/robot_control/robot_control.egg-info/top_level.txt\n'}
[2.877623] (lidar_test) StdoutLine: {'line': b'running install_lib\n'}
[2.905445] (lidar_test) StdoutLine: {'line': b'running install_data\n'}
[2.905974] (lidar_test) StdoutLine: {'line': b'running install_egg_info\n'}
[2.922461] (robot_control) StdoutLine: {'line': b"reading manifest file '../../../build/robot_control/robot_control.egg-info/SOURCES.txt'\n"}
[2.930362] (-) TimerEvent: {}
[2.933282] (lidar_test) StdoutLine: {'line': b"removing '/home/pi/Desktop/robot_move/install/lidar_test/lib/python3.12/site-packages/lidar_test-0.0.0-py3.12.egg-info' (and everything under it)\n"}
[2.933922] (lidar_test) StdoutLine: {'line': b'Copying ../../../build/lidar_test/lidar_test.egg-info to /home/pi/Desktop/robot_move/install/lidar_test/lib/python3.12/site-packages/lidar_test-0.0.0-py3.12.egg-info\n'}
[2.935407] (lidar_test) StdoutLine: {'line': b'running install_scripts\n'}
[2.993881] (robot_control) StdoutLine: {'line': b"writing manifest file '../../../build/robot_control/robot_control.egg-info/SOURCES.txt'\n"}
[2.996721] (robot_control) StdoutLine: {'line': b'running build\n'}
[2.997044] (robot_control) StdoutLine: {'line': b'running build_py\n'}
[2.997198] (robot_control) StdoutLine: {'line': b'running install\n'}
[3.007161] (robot_control) StdoutLine: {'line': b'running install_lib\n'}
[3.030483] (-) TimerEvent: {}
[3.041096] (robot_control) StdoutLine: {'line': b'running install_data\n'}
[3.041515] (robot_control) StdoutLine: {'line': b'running install_egg_info\n'}
[3.074069] (robot_control) StdoutLine: {'line': b"removing '/home/pi/Desktop/robot_move/install/robot_control/lib/python3.12/site-packages/robot_control-0.0.0-py3.12.egg-info' (and everything under it)\n"}
[3.083645] (robot_control) StdoutLine: {'line': b'Copying ../../../build/robot_control/robot_control.egg-info to /home/pi/Desktop/robot_move/install/robot_control/lib/python3.12/site-packages/robot_control-0.0.0-py3.12.egg-info\n'}
[3.083983] (robot_control) StdoutLine: {'line': b'running install_scripts\n'}
[3.130598] (-) TimerEvent: {}
[3.138880] (lidar_test) StdoutLine: {'line': b'Installing test_accurity script to /home/pi/Desktop/robot_move/install/lidar_test/lib/lidar_test\n'}
[3.142866] (lidar_test) StdoutLine: {'line': b'Installing trace_thing script to /home/pi/Desktop/robot_move/install/lidar_test/lib/lidar_test\n'}
[3.199562] (lidar_test) StdoutLine: {'line': b"writing list of installed files to '/home/pi/Desktop/robot_move/build/lidar_test/install.log'\n"}
[3.266451] (-) TimerEvent: {}
[3.299227] (robot_control) StdoutLine: {'line': b'Installing bow_controller script to /home/pi/Desktop/robot_move/install/robot_control/lib/robot_control\n'}
[3.299744] (robot_control) StdoutLine: {'line': b'Installing circle_controller script to /home/pi/Desktop/robot_move/install/robot_control/lib/robot_control\n'}
[3.300493] (robot_control) StdoutLine: {'line': b"writing list of installed files to '/home/pi/Desktop/robot_move/build/robot_control/install.log'\n"}
[3.366640] (-) TimerEvent: {}
[3.375758] (lidar_test) CommandEnded: {'returncode': 0}
[3.413093] (lidar_test) JobEnded: {'identifier': 'lidar_test', 'rc': 0}
[3.414609] (robot_control) CommandEnded: {'returncode': 0}
[3.422811] (robot_control) JobEnded: {'identifier': 'robot_control', 'rc': 0}
[3.423939] (-) EventReactorShutdown: {}
