[0.000000] (-) TimerEvent: {}
[0.000386] (lidar_test) JobQueued: {'identifier': 'lidar_test', 'dependencies': OrderedDict()}
[0.000750] (lslidar_msgs) JobQueued: {'identifier': 'lslidar_msgs', 'dependencies': OrderedDict()}
[0.000897] (my_base) JobQueued: {'identifier': 'my_base', 'dependencies': OrderedDict()}
[0.001118] (robot_control) JobQueued: {'identifier': 'robot_control', 'dependencies': OrderedDict()}
[0.001173] (tbot_description) JobQueued: {'identifier': 'tbot_description', 'dependencies': OrderedDict()}
[0.001213] (lslidar_driver) JobQueued: {'identifier': 'lslidar_driver', 'dependencies': OrderedDict({'lslidar_msgs': '/home/pi/Desktop/robot_move/install/lslidar_msgs'})}
[0.001257] (lslidar_msgs) JobStarted: {'identifier': 'lslidar_msgs'}
[0.038681] (lidar_test) JobStarted: {'identifier': 'lidar_test'}
[0.055745] (my_base) JobStarted: {'identifier': 'my_base'}
[0.063140] (robot_control) JobStarted: {'identifier': 'robot_control'}
[0.074783] (lslidar_msgs) JobProgress: {'identifier': 'lslidar_msgs', 'progress': 'cmake'}
[0.075689] (lslidar_msgs) Command: {'cmd': ['/usr/bin/cmake', '/home/pi/Desktop/robot_move/my_base_learn/src/lslidar_driver/LSLIDAR_X_ROS2-20240228/src/lslidar_msgs', '-DCMAKE_INSTALL_PREFIX=/home/pi/Desktop/robot_move/install/lslidar_msgs'], 'cwd': '/home/pi/Desktop/robot_move/build/lslidar_msgs', 'env': OrderedDict({'USER': 'pi', 'SSH_CLIENT': '172.20.0.79 61948 22', 'XDG_SESSION_TYPE': 'tty', 'GIT_ASKPASS': '/home/pi/.vscode-server/cli/servers/Stable-8761a5560cfd65fdd19ce7e2bd18dab5c0a4d84e/server/extensions/git/dist/askpass.sh', 'SHLVL': '1', 'LD_LIBRARY_PATH': '/home/pi/Desktop/robot_move/my_base_learn/install/lslidar_msgs/lib:/opt/ros/jazzy/opt/rviz_ogre_vendor/lib:/opt/ros/jazzy/lib/aarch64-linux-gnu:/opt/ros/jazzy/opt/gz_math_vendor/lib:/opt/ros/jazzy/opt/gz_utils_vendor/lib:/opt/ros/jazzy/opt/gz_cmake_vendor/lib:/opt/ros/jazzy/lib', 'BROWSER': '/home/pi/.vscode-server/cli/servers/Stable-8761a5560cfd65fdd19ce7e2bd18dab5c0a4d84e/server/bin/helpers/browser.sh', 'HOME': '/home/pi', 'OLDPWD': '/home/pi/.vscode-server', 'TERM_PROGRAM_VERSION': '1.122.1', 'VSCODE_IPC_HOOK_CLI': '/run/user/1002/vscode-ipc-804e5c9b-6341-4a90-9e9c-12e77a891ac8.sock', 'ROS_PYTHON_VERSION': '3', 'VSCODE_GIT_ASKPASS_MAIN': '/home/pi/.vscode-server/cli/servers/Stable-8761a5560cfd65fdd19ce7e2bd18dab5c0a4d84e/server/extensions/git/dist/askpass-main.js', 'VSCODE_GIT_ASKPASS_NODE': '/home/pi/.vscode-server/cli/servers/Stable-8761a5560cfd65fdd19ce7e2bd18dab5c0a4d84e/server/node', 'VSCODE_PYTHON_AUTOACTIVATE_GUARD': '1', 'DBUS_SESSION_BUS_ADDRESS': 'unix:path=/run/user/1002/bus', 'COLORTERM': 'truecolor', 'DEBUGINFOD_URLS': 'https://debuginfod.ubuntu.com', 'COLCON_PREFIX_PATH': '/home/pi/Desktop/robot_move/my_base_learn/install', 'ROS_DISTRO': 'jazzy', 'LOGNAME': 'pi', '_': '/usr/bin/colcon', 'ROS_VERSION': '2', 'XDG_SESSION_CLASS': 'user', 'TERM': 'xterm-256color', 'XDG_SESSION_ID': '4', 'PATH': '/home/pi/.vscode-server/cli/servers/Stable-8761a5560cfd65fdd19ce7e2bd18dab5c0a4d84e/server/bin/remote-cli:/opt/ros/jazzy/bin:/usr/local/sbin:/usr/local/bin:/usr/sbin:/usr/bin:/sbin:/bin:/usr/games:/usr/local/games:/snap/bin', 'XDG_RUNTIME_DIR': '/run/user/1002', 'LANG': 'en_US.UTF-8', 'VSCODE_GIT_IPC_HANDLE': '/run/user/1002/vscode-git-c742cdeaad.sock', 'TERM_PROGRAM': 'vscode', 'AMENT_PREFIX_PATH': '/home/pi/Desktop/robot_move/my_base_learn/install/tbot_description:/home/pi/Desktop/robot_move/my_base_learn/install/robot_control:/home/pi/Desktop/robot_move/my_base_learn/install/my_base:/home/pi/Desktop/robot_move/my_base_learn/install/lslidar_driver:/home/pi/Desktop/robot_move/my_base_learn/install/lslidar_msgs:/home/pi/Desktop/robot_move/my_base_learn/install/lidar_test:/opt/ros/jazzy', 'SHELL': '/bin/bash', 'ROS_AUTOMATIC_DISCOVERY_RANGE': 'SUBNET', 'VSCODE_GIT_ASKPASS_EXTRA_ARGS': '', 'PWD': '/home/pi/Desktop/robot_move/build/lslidar_msgs', 'LC_ALL': 'en_US.UTF-8', 'SSH_CONNECTION': '172.20.0.79 61948 172.20.1.242 22', 'XDG_DATA_DIRS': '/usr/share/gnome:/usr/local/share:/usr/share:/var/lib/snapd/desktop', 'PYTHONPATH': '/home/pi/Desktop/robot_move/my_base_learn/install/robot_control/lib/python3.12/site-packages:/home/pi/Desktop/robot_move/my_base_learn/install/lslidar_msgs/lib/python3.12/site-packages:/home/pi/Desktop/robot_move/my_base_learn/install/lidar_test/lib/python3.12/site-packages:/opt/ros/jazzy/lib/python3.12/site-packages', 'COLCON': '1', 'CMAKE_PREFIX_PATH': '/home/pi/Desktop/robot_move/my_base_learn/install/tbot_description:/home/pi/Desktop/robot_move/my_base_learn/install/my_base:/home/pi/Desktop/robot_move/my_base_learn/install/lslidar_driver:/home/pi/Desktop/robot_move/my_base_learn/install/lslidar_msgs:/opt/ros/jazzy/opt/gz_math_vendor:/opt/ros/jazzy/opt/gz_utils_vendor:/opt/ros/jazzy/opt/gz_cmake_vendor:/home/pi/Desktop/robot_move/my_base_learn/install/robot_control:/home/pi/Desktop/robot_move/my_base_learn/install/lidar_test:/opt/ros/jazzy'}), 'shell': False}
[0.099695] (-) TimerEvent: {}
[0.200070] (-) TimerEvent: {}
[0.300423] (-) TimerEvent: {}
[0.400759] (-) TimerEvent: {}
[0.469242] (my_base) JobProgress: {'identifier': 'my_base', 'progress': 'cmake'}
[0.470881] (my_base) Command: {'cmd': ['/usr/bin/cmake', '/home/pi/Desktop/robot_move/my_base_learn/src/my_base', '-DCMAKE_INSTALL_PREFIX=/home/pi/Desktop/robot_move/install/my_base'], 'cwd': '/home/pi/Desktop/robot_move/build/my_base', 'env': OrderedDict({'USER': 'pi', 'SSH_CLIENT': '172.20.0.79 61948 22', 'XDG_SESSION_TYPE': 'tty', 'GIT_ASKPASS': '/home/pi/.vscode-server/cli/servers/Stable-8761a5560cfd65fdd19ce7e2bd18dab5c0a4d84e/server/extensions/git/dist/askpass.sh', 'SHLVL': '1', 'LD_LIBRARY_PATH': '/home/pi/Desktop/robot_move/my_base_learn/install/lslidar_msgs/lib:/opt/ros/jazzy/opt/rviz_ogre_vendor/lib:/opt/ros/jazzy/lib/aarch64-linux-gnu:/opt/ros/jazzy/opt/gz_math_vendor/lib:/opt/ros/jazzy/opt/gz_utils_vendor/lib:/opt/ros/jazzy/opt/gz_cmake_vendor/lib:/opt/ros/jazzy/lib', 'BROWSER': '/home/pi/.vscode-server/cli/servers/Stable-8761a5560cfd65fdd19ce7e2bd18dab5c0a4d84e/server/bin/helpers/browser.sh', 'HOME': '/home/pi', 'OLDPWD': '/home/pi/.vscode-server', 'TERM_PROGRAM_VERSION': '1.122.1', 'VSCODE_IPC_HOOK_CLI': '/run/user/1002/vscode-ipc-804e5c9b-6341-4a90-9e9c-12e77a891ac8.sock', 'ROS_PYTHON_VERSION': '3', 'VSCODE_GIT_ASKPASS_MAIN': '/home/pi/.vscode-server/cli/servers/Stable-8761a5560cfd65fdd19ce7e2bd18dab5c0a4d84e/server/extensions/git/dist/askpass-main.js', 'VSCODE_GIT_ASKPASS_NODE': '/home/pi/.vscode-server/cli/servers/Stable-8761a5560cfd65fdd19ce7e2bd18dab5c0a4d84e/server/node', 'VSCODE_PYTHON_AUTOACTIVATE_GUARD': '1', 'DBUS_SESSION_BUS_ADDRESS': 'unix:path=/run/user/1002/bus', 'COLORTERM': 'truecolor', 'DEBUGINFOD_URLS': 'https://debuginfod.ubuntu.com', 'COLCON_PREFIX_PATH': '/home/pi/Desktop/robot_move/my_base_learn/install', 'ROS_DISTRO': 'jazzy', 'LOGNAME': 'pi', '_': '/usr/bin/colcon', 'ROS_VERSION': '2', 'XDG_SESSION_CLASS': 'user', 'TERM': 'xterm-256color', 'XDG_SESSION_ID': '4', 'PATH': '/home/pi/.vscode-server/cli/servers/Stable-8761a5560cfd65fdd19ce7e2bd18dab5c0a4d84e/server/bin/remote-cli:/opt/ros/jazzy/bin:/usr/local/sbin:/usr/local/bin:/usr/sbin:/usr/bin:/sbin:/bin:/usr/games:/usr/local/games:/snap/bin', 'XDG_RUNTIME_DIR': '/run/user/1002', 'LANG': 'en_US.UTF-8', 'VSCODE_GIT_IPC_HANDLE': '/run/user/1002/vscode-git-c742cdeaad.sock', 'TERM_PROGRAM': 'vscode', 'AMENT_PREFIX_PATH': '/home/pi/Desktop/robot_move/my_base_learn/install/tbot_description:/home/pi/Desktop/robot_move/my_base_learn/install/robot_control:/home/pi/Desktop/robot_move/my_base_learn/install/my_base:/home/pi/Desktop/robot_move/my_base_learn/install/lslidar_driver:/home/pi/Desktop/robot_move/my_base_learn/install/lslidar_msgs:/home/pi/Desktop/robot_move/my_base_learn/install/lidar_test:/opt/ros/jazzy', 'SHELL': '/bin/bash', 'ROS_AUTOMATIC_DISCOVERY_RANGE': 'SUBNET', 'VSCODE_GIT_ASKPASS_EXTRA_ARGS': '', 'PWD': '/home/pi/Desktop/robot_move/build/my_base', 'LC_ALL': 'en_US.UTF-8', 'SSH_CONNECTION': '172.20.0.79 61948 172.20.1.242 22', 'XDG_DATA_DIRS': '/usr/share/gnome:/usr/local/share:/usr/share:/var/lib/snapd/desktop', 'PYTHONPATH': '/home/pi/Desktop/robot_move/my_base_learn/install/robot_control/lib/python3.12/site-packages:/home/pi/Desktop/robot_move/my_base_learn/install/lslidar_msgs/lib/python3.12/site-packages:/home/pi/Desktop/robot_move/my_base_learn/install/lidar_test/lib/python3.12/site-packages:/opt/ros/jazzy/lib/python3.12/site-packages', 'COLCON': '1', 'CMAKE_PREFIX_PATH': '/home/pi/Desktop/robot_move/my_base_learn/install/tbot_description:/home/pi/Desktop/robot_move/my_base_learn/install/my_base:/home/pi/Desktop/robot_move/my_base_learn/install/lslidar_driver:/home/pi/Desktop/robot_move/my_base_learn/install/lslidar_msgs:/opt/ros/jazzy/opt/gz_math_vendor:/opt/ros/jazzy/opt/gz_utils_vendor:/opt/ros/jazzy/opt/gz_cmake_vendor:/home/pi/Desktop/robot_move/my_base_learn/install/robot_control:/home/pi/Desktop/robot_move/my_base_learn/install/lidar_test:/opt/ros/jazzy'}), 'shell': False}
[0.500892] (-) TimerEvent: {}
[0.601398] (-) TimerEvent: {}
[0.702026] (-) TimerEvent: {}
[0.802404] (-) TimerEvent: {}
[0.904169] (-) TimerEvent: {}
[1.004767] (-) TimerEvent: {}
[1.105233] (-) TimerEvent: {}
[1.172623] (lslidar_msgs) StdoutLine: {'line': b'-- The C compiler identification is GNU 13.3.0\n'}
[1.172953] (my_base) StdoutLine: {'line': b'-- The C compiler identification is GNU 13.3.0\n'}
[1.205340] (-) TimerEvent: {}
[1.305729] (-) TimerEvent: {}
[1.406080] (-) TimerEvent: {}
[1.506486] (-) TimerEvent: {}
[1.606889] (-) TimerEvent: {}
[1.707373] (-) TimerEvent: {}
[1.807814] (-) TimerEvent: {}
[1.908214] (-) TimerEvent: {}
[2.008593] (-) TimerEvent: {}
[2.108959] (-) TimerEvent: {}
[2.209389] (-) TimerEvent: {}
[2.287863] (lslidar_msgs) StdoutLine: {'line': b'-- The CXX compiler identification is GNU 13.3.0\n'}
[2.288203] (my_base) StdoutLine: {'line': b'-- The CXX compiler identification is GNU 13.3.0\n'}
[2.309508] (-) TimerEvent: {}
[2.375726] (my_base) StdoutLine: {'line': b'-- Detecting C compiler ABI info\n'}
[2.376161] (lslidar_msgs) StdoutLine: {'line': b'-- Detecting C compiler ABI info\n'}
[2.409606] (-) TimerEvent: {}
[2.509953] (-) TimerEvent: {}
[2.612059] (-) TimerEvent: {}
[2.713373] (-) TimerEvent: {}
[2.723186] (my_base) StdoutLine: {'line': b'-- Detecting C compiler ABI info - done\n'}
[2.723538] (lslidar_msgs) StdoutLine: {'line': b'-- Detecting C compiler ABI info - done\n'}
[2.739701] (lslidar_msgs) StdoutLine: {'line': b'-- Check for working C compiler: /usr/bin/cc - skipped\n'}
[2.740582] (lslidar_msgs) StdoutLine: {'line': b'-- Detecting C compile features\n'}
[2.742685] (my_base) StdoutLine: {'line': b'-- Check for working C compiler: /usr/bin/cc - skipped\n'}
[2.743079] (my_base) StdoutLine: {'line': b'-- Detecting C compile features\n'}
[2.743656] (lslidar_msgs) StdoutLine: {'line': b'-- Detecting C compile features - done\n'}
[2.743862] (my_base) StdoutLine: {'line': b'-- Detecting C compile features - done\n'}
[2.776582] (my_base) StdoutLine: {'line': b'-- Detecting CXX compiler ABI info\n'}
[2.778405] (lslidar_msgs) StdoutLine: {'line': b'-- Detecting CXX compiler ABI info\n'}
[2.813486] (-) TimerEvent: {}
[2.914434] (-) TimerEvent: {}
[3.014809] (-) TimerEvent: {}
[3.034133] (lslidar_msgs) StdoutLine: {'line': b'-- Detecting CXX compiler ABI info - done\n'}
[3.035181] (my_base) StdoutLine: {'line': b'-- Detecting CXX compiler ABI info - done\n'}
[3.048539] (lslidar_msgs) StdoutLine: {'line': b'-- Check for working CXX compiler: /usr/bin/c++ - skipped\n'}
[3.048935] (lslidar_msgs) StdoutLine: {'line': b'-- Detecting CXX compile features\n'}
[3.049641] (lslidar_msgs) StdoutLine: {'line': b'-- Detecting CXX compile features - done\n'}
[3.050949] (my_base) StdoutLine: {'line': b'-- Check for working CXX compiler: /usr/bin/c++ - skipped\n'}
[3.051515] (my_base) StdoutLine: {'line': b'-- Detecting CXX compile features\n'}
[3.052170] (my_base) StdoutLine: {'line': b'-- Detecting CXX compile features - done\n'}
[3.067158] (lslidar_msgs) StdoutLine: {'line': b'-- Found ament_cmake: 2.5.5 (/opt/ros/jazzy/share/ament_cmake/cmake)\n'}
[3.067454] (my_base) StdoutLine: {'line': b'-- Found ament_cmake: 2.5.5 (/opt/ros/jazzy/share/ament_cmake/cmake)\n'}
[3.114913] (-) TimerEvent: {}
[3.215323] (-) TimerEvent: {}
[3.315697] (-) TimerEvent: {}
[3.397432] (my_base) StdoutLine: {'line': b'-- Found Python3: /usr/bin/python3 (found version "3.12.3") found components: Interpreter \n'}
[3.414101] (lslidar_msgs) StdoutLine: {'line': b'-- Found Python3: /usr/bin/python3 (found version "3.12.3") found components: Interpreter \n'}
[3.415794] (-) TimerEvent: {}
[3.517093] (-) TimerEvent: {}
[3.617496] (-) TimerEvent: {}
[3.717902] (-) TimerEvent: {}
[3.810873] (my_base) StdoutLine: {'line': b'-- Found ament_lint_auto: 0.17.4 (/opt/ros/jazzy/share/ament_lint_auto/cmake)\n'}
[3.811209] (lslidar_msgs) StdoutLine: {'line': b'-- Found std_msgs: 5.3.6 (/opt/ros/jazzy/share/std_msgs/cmake)\n'}
[3.818004] (-) TimerEvent: {}
[3.919239] (-) TimerEvent: {}
[4.019802] (-) TimerEvent: {}
[4.095052] (lslidar_msgs) StdoutLine: {'line': b'-- Found rosidl_generator_c: 4.6.7 (/opt/ros/jazzy/share/rosidl_generator_c/cmake)\n'}
[4.112359] (my_base) StdoutLine: {'line': b'-- Found rclcpp: 28.1.16 (/opt/ros/jazzy/share/rclcpp/cmake)\n'}
[4.119957] (-) TimerEvent: {}
[4.155571] (lslidar_msgs) StdoutLine: {'line': b'-- Found rosidl_generator_cpp: 4.6.7 (/opt/ros/jazzy/share/rosidl_generator_cpp/cmake)\n'}
[4.178260] (robot_control) Command: {'cmd': ['/usr/bin/python3', '-W', 'ignore:setup.py install is deprecated', '-W', 'ignore:easy_install command is deprecated', 'setup.py', 'egg_info', '--egg-base', '../../../build/robot_control', 'build', '--build-base', '/home/pi/Desktop/robot_move/build/robot_control/build', 'install', '--record', '/home/pi/Desktop/robot_move/build/robot_control/install.log', '--single-version-externally-managed', 'install_data'], 'cwd': '/home/pi/Desktop/robot_move/my_base_learn/src/robot_control', 'env': {'USER': 'pi', 'SSH_CLIENT': '172.20.0.79 61948 22', 'XDG_SESSION_TYPE': 'tty', 'GIT_ASKPASS': '/home/pi/.vscode-server/cli/servers/Stable-8761a5560cfd65fdd19ce7e2bd18dab5c0a4d84e/server/extensions/git/dist/askpass.sh', 'SHLVL': '1', 'LD_LIBRARY_PATH': '/home/pi/Desktop/robot_move/my_base_learn/install/lslidar_msgs/lib:/opt/ros/jazzy/opt/rviz_ogre_vendor/lib:/opt/ros/jazzy/lib/aarch64-linux-gnu:/opt/ros/jazzy/opt/gz_math_vendor/lib:/opt/ros/jazzy/opt/gz_utils_vendor/lib:/opt/ros/jazzy/opt/gz_cmake_vendor/lib:/opt/ros/jazzy/lib', 'BROWSER': '/home/pi/.vscode-server/cli/servers/Stable-8761a5560cfd65fdd19ce7e2bd18dab5c0a4d84e/server/bin/helpers/browser.sh', 'HOME': '/home/pi', 'OLDPWD': '/home/pi/.vscode-server', 'TERM_PROGRAM_VERSION': '1.122.1', 'VSCODE_IPC_HOOK_CLI': '/run/user/1002/vscode-ipc-804e5c9b-6341-4a90-9e9c-12e77a891ac8.sock', 'ROS_PYTHON_VERSION': '3', 'VSCODE_GIT_ASKPASS_MAIN': '/home/pi/.vscode-server/cli/servers/Stable-8761a5560cfd65fdd19ce7e2bd18dab5c0a4d84e/server/extensions/git/dist/askpass-main.js', 'VSCODE_GIT_ASKPASS_NODE': '/home/pi/.vscode-server/cli/servers/Stable-8761a5560cfd65fdd19ce7e2bd18dab5c0a4d84e/server/node', 'VSCODE_PYTHON_AUTOACTIVATE_GUARD': '1', 'DBUS_SESSION_BUS_ADDRESS': 'unix:path=/run/user/1002/bus', 'COLORTERM': 'truecolor', 'DEBUGINFOD_URLS': 'https://debuginfod.ubuntu.com', 'COLCON_PREFIX_PATH': '/home/pi/Desktop/robot_move/my_base_learn/install', 'ROS_DISTRO': 'jazzy', 'LOGNAME': 'pi', '_': '/usr/bin/colcon', 'ROS_VERSION': '2', 'XDG_SESSION_CLASS': 'user', 'TERM': 'xterm-256color', 'XDG_SESSION_ID': '4', 'PATH': '/home/pi/.vscode-server/cli/servers/Stable-8761a5560cfd65fdd19ce7e2bd18dab5c0a4d84e/server/bin/remote-cli:/opt/ros/jazzy/bin:/usr/local/sbin:/usr/local/bin:/usr/sbin:/usr/bin:/sbin:/bin:/usr/games:/usr/local/games:/snap/bin', 'XDG_RUNTIME_DIR': '/run/user/1002', 'LANG': 'en_US.UTF-8', 'VSCODE_GIT_IPC_HANDLE': '/run/user/1002/vscode-git-c742cdeaad.sock', 'TERM_PROGRAM': 'vscode', 'AMENT_PREFIX_PATH': '/home/pi/Desktop/robot_move/my_base_learn/install/tbot_description:/home/pi/Desktop/robot_move/my_base_learn/install/robot_control:/home/pi/Desktop/robot_move/my_base_learn/install/my_base:/home/pi/Desktop/robot_move/my_base_learn/install/lslidar_driver:/home/pi/Desktop/robot_move/my_base_learn/install/lslidar_msgs:/home/pi/Desktop/robot_move/my_base_learn/install/lidar_test:/opt/ros/jazzy', 'SHELL': '/bin/bash', 'ROS_AUTOMATIC_DISCOVERY_RANGE': 'SUBNET', 'VSCODE_GIT_ASKPASS_EXTRA_ARGS': '', 'PWD': '/home/pi/Desktop/robot_move/build/robot_control', 'LC_ALL': 'en_US.UTF-8', 'SSH_CONNECTION': '172.20.0.79 61948 172.20.1.242 22', 'XDG_DATA_DIRS': '/usr/share/gnome:/usr/local/share:/usr/share:/var/lib/snapd/desktop', 'PYTHONPATH': '/home/pi/Desktop/robot_move/build/robot_control/prefix_override:/usr/lib/python3/dist-packages/colcon_core/task/python/colcon_distutils_commands:/home/pi/Desktop/robot_move/install/robot_control/lib/python3.12/site-packages:/home/pi/Desktop/robot_move/my_base_learn/install/robot_control/lib/python3.12/site-packages:/home/pi/Desktop/robot_move/my_base_learn/install/lslidar_msgs/lib/python3.12/site-packages:/home/pi/Desktop/robot_move/my_base_learn/install/lidar_test/lib/python3.12/site-packages:/opt/ros/jazzy/lib/python3.12/site-packages', 'COLCON': '1', 'CMAKE_PREFIX_PATH': '/home/pi/Desktop/robot_move/my_base_learn/install/tbot_description:/home/pi/Desktop/robot_move/my_base_learn/install/my_base:/home/pi/Desktop/robot_move/my_base_learn/install/lslidar_driver:/home/pi/Desktop/robot_move/my_base_learn/install/lslidar_msgs:/opt/ros/jazzy/opt/gz_math_vendor:/opt/ros/jazzy/opt/gz_utils_vendor:/opt/ros/jazzy/opt/gz_cmake_vendor'}, 'shell': False}
[4.188129] (lidar_test) Command: {'cmd': ['/usr/bin/python3', '-W', 'ignore:setup.py install is deprecated', '-W', 'ignore:easy_install command is deprecated', 'setup.py', 'egg_info', '--egg-base', '../../../build/lidar_test', 'build', '--build-base', '/home/pi/Desktop/robot_move/build/lidar_test/build', 'install', '--record', '/home/pi/Desktop/robot_move/build/lidar_test/install.log', '--single-version-externally-managed', 'install_data'], 'cwd': '/home/pi/Desktop/robot_move/my_base_learn/src/lidar_test', 'env': {'USER': 'pi', 'SSH_CLIENT': '172.20.0.79 61948 22', 'XDG_SESSION_TYPE': 'tty', 'GIT_ASKPASS': '/home/pi/.vscode-server/cli/servers/Stable-8761a5560cfd65fdd19ce7e2bd18dab5c0a4d84e/server/extensions/git/dist/askpass.sh', 'SHLVL': '1', 'LD_LIBRARY_PATH': '/home/pi/Desktop/robot_move/my_base_learn/install/lslidar_msgs/lib:/opt/ros/jazzy/opt/rviz_ogre_vendor/lib:/opt/ros/jazzy/lib/aarch64-linux-gnu:/opt/ros/jazzy/opt/gz_math_vendor/lib:/opt/ros/jazzy/opt/gz_utils_vendor/lib:/opt/ros/jazzy/opt/gz_cmake_vendor/lib:/opt/ros/jazzy/lib', 'BROWSER': '/home/pi/.vscode-server/cli/servers/Stable-8761a5560cfd65fdd19ce7e2bd18dab5c0a4d84e/server/bin/helpers/browser.sh', 'HOME': '/home/pi', 'OLDPWD': '/home/pi/.vscode-server', 'TERM_PROGRAM_VERSION': '1.122.1', 'VSCODE_IPC_HOOK_CLI': '/run/user/1002/vscode-ipc-804e5c9b-6341-4a90-9e9c-12e77a891ac8.sock', 'ROS_PYTHON_VERSION': '3', 'VSCODE_GIT_ASKPASS_MAIN': '/home/pi/.vscode-server/cli/servers/Stable-8761a5560cfd65fdd19ce7e2bd18dab5c0a4d84e/server/extensions/git/dist/askpass-main.js', 'VSCODE_GIT_ASKPASS_NODE': '/home/pi/.vscode-server/cli/servers/Stable-8761a5560cfd65fdd19ce7e2bd18dab5c0a4d84e/server/node', 'VSCODE_PYTHON_AUTOACTIVATE_GUARD': '1', 'DBUS_SESSION_BUS_ADDRESS': 'unix:path=/run/user/1002/bus', 'COLORTERM': 'truecolor', 'DEBUGINFOD_URLS': 'https://debuginfod.ubuntu.com', 'COLCON_PREFIX_PATH': '/home/pi/Desktop/robot_move/my_base_learn/install', 'ROS_DISTRO': 'jazzy', 'LOGNAME': 'pi', '_': '/usr/bin/colcon', 'ROS_VERSION': '2', 'XDG_SESSION_CLASS': 'user', 'TERM': 'xterm-256color', 'XDG_SESSION_ID': '4', 'PATH': '/home/pi/.vscode-server/cli/servers/Stable-8761a5560cfd65fdd19ce7e2bd18dab5c0a4d84e/server/bin/remote-cli:/opt/ros/jazzy/bin:/usr/local/sbin:/usr/local/bin:/usr/sbin:/usr/bin:/sbin:/bin:/usr/games:/usr/local/games:/snap/bin', 'XDG_RUNTIME_DIR': '/run/user/1002', 'LANG': 'en_US.UTF-8', 'VSCODE_GIT_IPC_HANDLE': '/run/user/1002/vscode-git-c742cdeaad.sock', 'TERM_PROGRAM': 'vscode', 'AMENT_PREFIX_PATH': '/home/pi/Desktop/robot_move/my_base_learn/install/tbot_description:/home/pi/Desktop/robot_move/my_base_learn/install/robot_control:/home/pi/Desktop/robot_move/my_base_learn/install/my_base:/home/pi/Desktop/robot_move/my_base_learn/install/lslidar_driver:/home/pi/Desktop/robot_move/my_base_learn/install/lslidar_msgs:/home/pi/Desktop/robot_move/my_base_learn/install/lidar_test:/opt/ros/jazzy', 'SHELL': '/bin/bash', 'ROS_AUTOMATIC_DISCOVERY_RANGE': 'SUBNET', 'VSCODE_GIT_ASKPASS_EXTRA_ARGS': '', 'PWD': '/home/pi/Desktop/robot_move/build/lidar_test', 'LC_ALL': 'en_US.UTF-8', 'SSH_CONNECTION': '172.20.0.79 61948 172.20.1.242 22', 'XDG_DATA_DIRS': '/usr/share/gnome:/usr/local/share:/usr/share:/var/lib/snapd/desktop', 'PYTHONPATH': '/home/pi/Desktop/robot_move/build/lidar_test/prefix_override:/usr/lib/python3/dist-packages/colcon_core/task/python/colcon_distutils_commands:/home/pi/Desktop/robot_move/install/lidar_test/lib/python3.12/site-packages:/home/pi/Desktop/robot_move/my_base_learn/install/robot_control/lib/python3.12/site-packages:/home/pi/Desktop/robot_move/my_base_learn/install/lslidar_msgs/lib/python3.12/site-packages:/home/pi/Desktop/robot_move/my_base_learn/install/lidar_test/lib/python3.12/site-packages:/opt/ros/jazzy/lib/python3.12/site-packages', 'COLCON': '1', 'CMAKE_PREFIX_PATH': '/home/pi/Desktop/robot_move/my_base_learn/install/tbot_description:/home/pi/Desktop/robot_move/my_base_learn/install/my_base:/home/pi/Desktop/robot_move/my_base_learn/install/lslidar_driver:/home/pi/Desktop/robot_move/my_base_learn/install/lslidar_msgs:/opt/ros/jazzy/opt/gz_math_vendor:/opt/ros/jazzy/opt/gz_utils_vendor:/opt/ros/jazzy/opt/gz_cmake_vendor'}, 'shell': False}
[4.218178] (my_base) StdoutLine: {'line': b'-- Found rosidl_generator_c: 4.6.7 (/opt/ros/jazzy/share/rosidl_generator_c/cmake)\n'}
[4.220092] (-) TimerEvent: {}
[4.244123] (my_base) StdoutLine: {'line': b'-- Found rosidl_generator_cpp: 4.6.7 (/opt/ros/jazzy/share/rosidl_generator_cpp/cmake)\n'}
[4.269166] (lslidar_msgs) StdoutLine: {'line': b'-- Using all available rosidl_typesupport_c: rosidl_typesupport_fastrtps_c;rosidl_typesupport_introspection_c\n'}
[4.277950] (my_base) StdoutLine: {'line': b'-- Using all available rosidl_typesupport_c: rosidl_typesupport_fastrtps_c;rosidl_typesupport_introspection_c\n'}
[4.320266] (-) TimerEvent: {}
[4.341854] (my_base) StdoutLine: {'line': b'-- Using all available rosidl_typesupport_cpp: rosidl_typesupport_fastrtps_cpp;rosidl_typesupport_introspection_cpp\n'}
[4.342158] (lslidar_msgs) StdoutLine: {'line': b'-- Using all available rosidl_typesupport_cpp: rosidl_typesupport_fastrtps_cpp;rosidl_typesupport_introspection_cpp\n'}
[4.420370] (-) TimerEvent: {}
[4.520824] (-) TimerEvent: {}
[4.555854] (lslidar_msgs) StdoutLine: {'line': b'-- Found sensor_msgs: 5.3.6 (/opt/ros/jazzy/share/sensor_msgs/cmake)\n'}
[4.618684] (lidar_test) StdoutLine: {'line': b'running egg_info\n'}
[4.621754] (lidar_test) StdoutLine: {'line': b'creating ../../../build/lidar_test/lidar_test.egg-info\n'}
[4.622060] (-) TimerEvent: {}
[4.635316] (robot_control) StdoutLine: {'line': b'running egg_info\n'}
[4.635899] (robot_control) StdoutLine: {'line': b'creating ../../../build/robot_control/robot_control.egg-info\n'}
[4.654722] (lidar_test) StdoutLine: {'line': b'writing ../../../build/lidar_test/lidar_test.egg-info/PKG-INFO\n'}
[4.656797] (lidar_test) StdoutLine: {'line': b'writing dependency_links to ../../../build/lidar_test/lidar_test.egg-info/dependency_links.txt\n'}
[4.657066] (lidar_test) StdoutLine: {'line': b'writing entry points to ../../../build/lidar_test/lidar_test.egg-info/entry_points.txt\n'}
[4.657193] (lidar_test) StdoutLine: {'line': b'writing requirements to ../../../build/lidar_test/lidar_test.egg-info/requires.txt\n'}
[4.657294] (lidar_test) StdoutLine: {'line': b'writing top-level names to ../../../build/lidar_test/lidar_test.egg-info/top_level.txt\n'}
[4.657382] (lidar_test) StdoutLine: {'line': b"writing manifest file '../../../build/lidar_test/lidar_test.egg-info/SOURCES.txt'\n"}
[4.666245] (robot_control) StdoutLine: {'line': b'writing ../../../build/robot_control/robot_control.egg-info/PKG-INFO\n'}
[4.667925] (robot_control) StdoutLine: {'line': b'writing dependency_links to ../../../build/robot_control/robot_control.egg-info/dependency_links.txt\n'}
[4.668162] (robot_control) StdoutLine: {'line': b'writing entry points to ../../../build/robot_control/robot_control.egg-info/entry_points.txt\n'}
[4.668288] (robot_control) StdoutLine: {'line': b'writing requirements to ../../../build/robot_control/robot_control.egg-info/requires.txt\n'}
[4.668392] (robot_control) StdoutLine: {'line': b'writing top-level names to ../../../build/robot_control/robot_control.egg-info/top_level.txt\n'}
[4.668597] (robot_control) StdoutLine: {'line': b"writing manifest file '../../../build/robot_control/robot_control.egg-info/SOURCES.txt'\n"}
[4.708088] (lslidar_msgs) StdoutLine: {'line': b'-- Found rosidl_default_generators: 1.6.0 (/opt/ros/jazzy/share/rosidl_default_generators/cmake)\n'}
[4.714490] (lidar_test) StdoutLine: {'line': b"reading manifest file '../../../build/lidar_test/lidar_test.egg-info/SOURCES.txt'\n"}
[4.715743] (lidar_test) StdoutLine: {'line': b"writing manifest file '../../../build/lidar_test/lidar_test.egg-info/SOURCES.txt'\n"}
[4.719078] (lidar_test) StdoutLine: {'line': b'running build\n'}
[4.719341] (lidar_test) StdoutLine: {'line': b'running build_py\n'}
[4.719444] (lidar_test) StdoutLine: {'line': b'creating /home/pi/Desktop/robot_move/build/lidar_test/build\n'}
[4.719615] (lidar_test) StdoutLine: {'line': b'creating /home/pi/Desktop/robot_move/build/lidar_test/build/lib\n'}
[4.719728] (lidar_test) StdoutLine: {'line': b'creating /home/pi/Desktop/robot_move/build/lidar_test/build/lib/lidar_test\n'}
[4.719828] (lidar_test) StdoutLine: {'line': b'copying lidar_test/__init__.py -> /home/pi/Desktop/robot_move/build/lidar_test/build/lib/lidar_test\n'}
[4.719926] (lidar_test) StdoutLine: {'line': b'copying lidar_test/test_accurity.py -> /home/pi/Desktop/robot_move/build/lidar_test/build/lib/lidar_test\n'}
[4.722376] (lidar_test) StdoutLine: {'line': b'copying lidar_test/trace_thing.py -> /home/pi/Desktop/robot_move/build/lidar_test/build/lib/lidar_test\n'}
[4.722818] (-) TimerEvent: {}
[4.723395] (my_base) StdoutLine: {'line': b'-- Found rmw_implementation_cmake: 7.3.3 (/opt/ros/jazzy/share/rmw_implementation_cmake/cmake)\n'}
[4.723653] (lidar_test) StdoutLine: {'line': b'running install\n'}
[4.727237] (robot_control) StdoutLine: {'line': b"reading manifest file '../../../build/robot_control/robot_control.egg-info/SOURCES.txt'\n"}
[4.728736] (robot_control) StdoutLine: {'line': b"writing manifest file '../../../build/robot_control/robot_control.egg-info/SOURCES.txt'\n"}
[4.729695] (robot_control) StdoutLine: {'line': b'running build\n'}
[4.730154] (robot_control) StdoutLine: {'line': b'running build_py\n'}
[4.730757] (robot_control) StdoutLine: {'line': b'creating /home/pi/Desktop/robot_move/build/robot_control/build\n'}
[4.735842] (lidar_test) StdoutLine: {'line': b'running install_lib\n'}
[4.736308] (robot_control) StdoutLine: {'line': b'creating /home/pi/Desktop/robot_move/build/robot_control/build/lib\n'}
[4.736510] (robot_control) StdoutLine: {'line': b'creating /home/pi/Desktop/robot_move/build/robot_control/build/lib/robot_control\n'}
[4.736635] (robot_control) StdoutLine: {'line': b'copying robot_control/__init__.py -> /home/pi/Desktop/robot_move/build/robot_control/build/lib/robot_control\n'}
[4.736731] (robot_control) StdoutLine: {'line': b'copying robot_control/bow_controller.py -> /home/pi/Desktop/robot_move/build/robot_control/build/lib/robot_control\n'}
[4.736820] (robot_control) StdoutLine: {'line': b'copying robot_control/circle_controller.py -> /home/pi/Desktop/robot_move/build/robot_control/build/lib/robot_control\n'}
[4.736916] (robot_control) StdoutLine: {'line': b'running install\n'}
[4.739257] (my_base) StdoutLine: {'line': b'-- Found rmw_fastrtps_cpp: 8.4.3 (/opt/ros/jazzy/share/rmw_fastrtps_cpp/cmake)\n'}
[4.747508] (robot_control) StdoutLine: {'line': b'running install_lib\n'}
[4.764999] (lidar_test) StdoutLine: {'line': b'creating /home/pi/Desktop/robot_move/install/lidar_test/lib/python3.12/site-packages/lidar_test\n'}
[4.766823] (lidar_test) StdoutLine: {'line': b'copying /home/pi/Desktop/robot_move/build/lidar_test/build/lib/lidar_test/__init__.py -> /home/pi/Desktop/robot_move/install/lidar_test/lib/python3.12/site-packages/lidar_test\n'}
[4.768245] (lidar_test) StdoutLine: {'line': b'copying /home/pi/Desktop/robot_move/build/lidar_test/build/lib/lidar_test/test_accurity.py -> /home/pi/Desktop/robot_move/install/lidar_test/lib/python3.12/site-packages/lidar_test\n'}
[4.768355] (lidar_test) StdoutLine: {'line': b'copying /home/pi/Desktop/robot_move/build/lidar_test/build/lib/lidar_test/trace_thing.py -> /home/pi/Desktop/robot_move/install/lidar_test/lib/python3.12/site-packages/lidar_test\n'}
[4.768446] (lidar_test) StdoutLine: {'line': b'byte-compiling /home/pi/Desktop/robot_move/install/lidar_test/lib/python3.12/site-packages/lidar_test/__init__.py to __init__.cpython-312.pyc\n'}
[4.769698] (lidar_test) StdoutLine: {'line': b'byte-compiling /home/pi/Desktop/robot_move/install/lidar_test/lib/python3.12/site-packages/lidar_test/test_accurity.py to test_accurity.cpython-312.pyc\n'}
[4.773076] (lidar_test) StdoutLine: {'line': b'byte-compiling /home/pi/Desktop/robot_move/install/lidar_test/lib/python3.12/site-packages/lidar_test/trace_thing.py to trace_thing.cpython-312.pyc\n'}
[4.791379] (lidar_test) StdoutLine: {'line': b'running install_data\n'}
[4.791490] (lidar_test) StdoutLine: {'line': b'creating /home/pi/Desktop/robot_move/install/lidar_test/share/ament_index\n'}
[4.791578] (lidar_test) StdoutLine: {'line': b'creating /home/pi/Desktop/robot_move/install/lidar_test/share/ament_index/resource_index\n'}
[4.791665] (lidar_test) StdoutLine: {'line': b'creating /home/pi/Desktop/robot_move/install/lidar_test/share/ament_index/resource_index/packages\n'}
[4.791749] (lidar_test) StdoutLine: {'line': b'copying resource/lidar_test -> /home/pi/Desktop/robot_move/install/lidar_test/share/ament_index/resource_index/packages\n'}
[4.791835] (lidar_test) StdoutLine: {'line': b'copying package.xml -> /home/pi/Desktop/robot_move/install/lidar_test/share/lidar_test\n'}
[4.791919] (lidar_test) StdoutLine: {'line': b'running install_egg_info\n'}
[4.792003] (lslidar_msgs) StdoutLine: {'line': b'-- Found rosidl_adapter: 4.6.7 (/opt/ros/jazzy/share/rosidl_adapter/cmake)\n'}
[4.792135] (robot_control) StdoutLine: {'line': b'creating /home/pi/Desktop/robot_move/install/robot_control/lib/python3.12/site-packages/robot_control\n'}
[4.799926] (lidar_test) StdoutLine: {'line': b'Copying ../../../build/lidar_test/lidar_test.egg-info to /home/pi/Desktop/robot_move/install/lidar_test/lib/python3.12/site-packages/lidar_test-0.0.0-py3.12.egg-info\n'}
[4.822903] (-) TimerEvent: {}
[4.918085] (robot_control) StdoutLine: {'line': b'copying /home/pi/Desktop/robot_move/build/robot_control/build/lib/robot_control/__init__.py -> /home/pi/Desktop/robot_move/install/robot_control/lib/python3.12/site-packages/robot_control\n'}
[4.918463] (robot_control) StdoutLine: {'line': b'copying /home/pi/Desktop/robot_move/build/robot_control/build/lib/robot_control/bow_controller.py -> /home/pi/Desktop/robot_move/install/robot_control/lib/python3.12/site-packages/robot_control\n'}
[4.918651] (robot_control) StdoutLine: {'line': b'copying /home/pi/Desktop/robot_move/build/robot_control/build/lib/robot_control/circle_controller.py -> /home/pi/Desktop/robot_move/install/robot_control/lib/python3.12/site-packages/robot_control\n'}
[4.919344] (lidar_test) StdoutLine: {'line': b'running install_scripts\n'}
[4.920227] (robot_control) StdoutLine: {'line': b'byte-compiling /home/pi/Desktop/robot_move/install/robot_control/lib/python3.12/site-packages/robot_control/__init__.py to __init__.cpython-312.pyc\n'}
[4.921025] (robot_control) StdoutLine: {'line': b'byte-compiling /home/pi/Desktop/robot_move/install/robot_control/lib/python3.12/site-packages/robot_control/bow_controller.py to bow_controller.cpython-312.pyc\n'}
[4.922414] (robot_control) StdoutLine: {'line': b'byte-compiling /home/pi/Desktop/robot_move/install/robot_control/lib/python3.12/site-packages/robot_control/circle_controller.py to circle_controller.cpython-312.pyc\n'}
[4.923566] (robot_control) StdoutLine: {'line': b'running install_data\n'}
[4.923908] (-) TimerEvent: {}
[4.924206] (robot_control) StdoutLine: {'line': b'creating /home/pi/Desktop/robot_move/install/robot_control/share/ament_index\n'}
[4.924440] (robot_control) StdoutLine: {'line': b'creating /home/pi/Desktop/robot_move/install/robot_control/share/ament_index/resource_index\n'}
[4.924574] (robot_control) StdoutLine: {'line': b'creating /home/pi/Desktop/robot_move/install/robot_control/share/ament_index/resource_index/packages\n'}
[4.924692] (robot_control) StdoutLine: {'line': b'copying resource/robot_control -> /home/pi/Desktop/robot_move/install/robot_control/share/ament_index/resource_index/packages\n'}
[4.924809] (robot_control) StdoutLine: {'line': b'copying package.xml -> /home/pi/Desktop/robot_move/install/robot_control/share/robot_control\n'}
[4.926978] (robot_control) StdoutLine: {'line': b'running install_egg_info\n'}
[4.954968] (robot_control) StdoutLine: {'line': b'Copying ../../../build/robot_control/robot_control.egg-info to /home/pi/Desktop/robot_move/install/robot_control/lib/python3.12/site-packages/robot_control-0.0.0-py3.12.egg-info\n'}
[4.957884] (robot_control) StdoutLine: {'line': b'running install_scripts\n'}
[4.975845] (lslidar_msgs) StdoutLine: {'line': b'-- Found ament_lint_auto: 0.17.4 (/opt/ros/jazzy/share/ament_lint_auto/cmake)\n'}
[5.026206] (-) TimerEvent: {}
[5.126837] (-) TimerEvent: {}
[5.152240] (lidar_test) StdoutLine: {'line': b'Installing test_accurity script to /home/pi/Desktop/robot_move/install/lidar_test/lib/lidar_test\n'}
[5.152584] (lidar_test) StdoutLine: {'line': b'Installing trace_thing script to /home/pi/Desktop/robot_move/install/lidar_test/lib/lidar_test\n'}
[5.152986] (lidar_test) StdoutLine: {'line': b"writing list of installed files to '/home/pi/Desktop/robot_move/build/lidar_test/install.log'\n"}
[5.210120] (robot_control) StdoutLine: {'line': b'Installing bow_controller script to /home/pi/Desktop/robot_move/install/robot_control/lib/robot_control\n'}
[5.210433] (robot_control) StdoutLine: {'line': b'Installing circle_controller script to /home/pi/Desktop/robot_move/install/robot_control/lib/robot_control\n'}
[5.210562] (robot_control) StdoutLine: {'line': b"writing list of installed files to '/home/pi/Desktop/robot_move/build/robot_control/install.log'\n"}
[5.226973] (-) TimerEvent: {}
[5.245188] (my_base) StdoutLine: {'line': b'-- Found OpenSSL: /usr/lib/aarch64-linux-gnu/libcrypto.so (found version "3.0.13")  \n'}
[5.268649] (lidar_test) CommandEnded: {'returncode': 0}
[5.305440] (my_base) StdoutLine: {'line': b'-- Found FastRTPS: /opt/ros/jazzy/include (Required is at least version "2.13") \n'}
[5.327883] (-) TimerEvent: {}
[5.341409] (lidar_test) JobEnded: {'identifier': 'lidar_test', 'rc': 0}
[5.342079] (tbot_description) JobStarted: {'identifier': 'tbot_description'}
[5.351875] (robot_control) CommandEnded: {'returncode': 0}
[5.359308] (my_base) StdoutLine: {'line': b"-- Using RMW implementation 'rmw_fastrtps_cpp' as default\n"}
[5.369504] (robot_control) JobEnded: {'identifier': 'robot_control', 'rc': 0}
[5.370519] (tbot_description) JobProgress: {'identifier': 'tbot_description', 'progress': 'cmake'}
[5.370584] (tbot_description) Command: {'cmd': ['/usr/bin/cmake', '/home/pi/Desktop/robot_move/my_base_learn/src/tbot_description', '-DCMAKE_INSTALL_PREFIX=/home/pi/Desktop/robot_move/install/tbot_description'], 'cwd': '/home/pi/Desktop/robot_move/build/tbot_description', 'env': OrderedDict({'USER': 'pi', 'SSH_CLIENT': '172.20.0.79 61948 22', 'XDG_SESSION_TYPE': 'tty', 'GIT_ASKPASS': '/home/pi/.vscode-server/cli/servers/Stable-8761a5560cfd65fdd19ce7e2bd18dab5c0a4d84e/server/extensions/git/dist/askpass.sh', 'SHLVL': '1', 'LD_LIBRARY_PATH': '/home/pi/Desktop/robot_move/my_base_learn/install/lslidar_msgs/lib:/opt/ros/jazzy/opt/rviz_ogre_vendor/lib:/opt/ros/jazzy/lib/aarch64-linux-gnu:/opt/ros/jazzy/opt/gz_math_vendor/lib:/opt/ros/jazzy/opt/gz_utils_vendor/lib:/opt/ros/jazzy/opt/gz_cmake_vendor/lib:/opt/ros/jazzy/lib', 'BROWSER': '/home/pi/.vscode-server/cli/servers/Stable-8761a5560cfd65fdd19ce7e2bd18dab5c0a4d84e/server/bin/helpers/browser.sh', 'HOME': '/home/pi', 'OLDPWD': '/home/pi/.vscode-server', 'TERM_PROGRAM_VERSION': '1.122.1', 'VSCODE_IPC_HOOK_CLI': '/run/user/1002/vscode-ipc-804e5c9b-6341-4a90-9e9c-12e77a891ac8.sock', 'ROS_PYTHON_VERSION': '3', 'VSCODE_GIT_ASKPASS_MAIN': '/home/pi/.vscode-server/cli/servers/Stable-8761a5560cfd65fdd19ce7e2bd18dab5c0a4d84e/server/extensions/git/dist/askpass-main.js', 'VSCODE_GIT_ASKPASS_NODE': '/home/pi/.vscode-server/cli/servers/Stable-8761a5560cfd65fdd19ce7e2bd18dab5c0a4d84e/server/node', 'VSCODE_PYTHON_AUTOACTIVATE_GUARD': '1', 'DBUS_SESSION_BUS_ADDRESS': 'unix:path=/run/user/1002/bus', 'COLORTERM': 'truecolor', 'DEBUGINFOD_URLS': 'https://debuginfod.ubuntu.com', 'COLCON_PREFIX_PATH': '/home/pi/Desktop/robot_move/my_base_learn/install', 'ROS_DISTRO': 'jazzy', 'LOGNAME': 'pi', '_': '/usr/bin/colcon', 'ROS_VERSION': '2', 'XDG_SESSION_CLASS': 'user', 'TERM': 'xterm-256color', 'XDG_SESSION_ID': '4', 'PATH': '/home/pi/.vscode-server/cli/servers/Stable-8761a5560cfd65fdd19ce7e2bd18dab5c0a4d84e/server/bin/remote-cli:/opt/ros/jazzy/bin:/usr/local/sbin:/usr/local/bin:/usr/sbin:/usr/bin:/sbin:/bin:/usr/games:/usr/local/games:/snap/bin', 'XDG_RUNTIME_DIR': '/run/user/1002', 'LANG': 'en_US.UTF-8', 'VSCODE_GIT_IPC_HANDLE': '/run/user/1002/vscode-git-c742cdeaad.sock', 'TERM_PROGRAM': 'vscode', 'AMENT_PREFIX_PATH': '/home/pi/Desktop/robot_move/my_base_learn/install/tbot_description:/home/pi/Desktop/robot_move/my_base_learn/install/robot_control:/home/pi/Desktop/robot_move/my_base_learn/install/my_base:/home/pi/Desktop/robot_move/my_base_learn/install/lslidar_driver:/home/pi/Desktop/robot_move/my_base_learn/install/lslidar_msgs:/home/pi/Desktop/robot_move/my_base_learn/install/lidar_test:/opt/ros/jazzy', 'SHELL': '/bin/bash', 'ROS_AUTOMATIC_DISCOVERY_RANGE': 'SUBNET', 'VSCODE_GIT_ASKPASS_EXTRA_ARGS': '', 'PWD': '/home/pi/Desktop/robot_move/build/tbot_description', 'LC_ALL': 'en_US.UTF-8', 'SSH_CONNECTION': '172.20.0.79 61948 172.20.1.242 22', 'XDG_DATA_DIRS': '/usr/share/gnome:/usr/local/share:/usr/share:/var/lib/snapd/desktop', 'PYTHONPATH': '/home/pi/Desktop/robot_move/my_base_learn/install/robot_control/lib/python3.12/site-packages:/home/pi/Desktop/robot_move/my_base_learn/install/lslidar_msgs/lib/python3.12/site-packages:/home/pi/Desktop/robot_move/my_base_learn/install/lidar_test/lib/python3.12/site-packages:/opt/ros/jazzy/lib/python3.12/site-packages', 'COLCON': '1', 'CMAKE_PREFIX_PATH': '/home/pi/Desktop/robot_move/my_base_learn/install/tbot_description:/home/pi/Desktop/robot_move/my_base_learn/install/my_base:/home/pi/Desktop/robot_move/my_base_learn/install/lslidar_driver:/home/pi/Desktop/robot_move/my_base_learn/install/lslidar_msgs:/opt/ros/jazzy/opt/gz_math_vendor:/opt/ros/jazzy/opt/gz_utils_vendor:/opt/ros/jazzy/opt/gz_cmake_vendor:/home/pi/Desktop/robot_move/my_base_learn/install/robot_control:/home/pi/Desktop/robot_move/my_base_learn/install/lidar_test:/opt/ros/jazzy'}), 'shell': False}
[5.429356] (-) TimerEvent: {}
[5.507260] (tbot_description) StdoutLine: {'line': b'-- The C compiler identification is GNU 13.3.0\n'}
[5.529474] (-) TimerEvent: {}
[5.629881] (-) TimerEvent: {}
[5.643323] (tbot_description) StdoutLine: {'line': b'-- The CXX compiler identification is GNU 13.3.0\n'}
[5.662736] (my_base) StdoutLine: {'line': b'-- Found geometry_msgs: 5.3.6 (/opt/ros/jazzy/share/geometry_msgs/cmake)\n'}
[5.674550] (tbot_description) StdoutLine: {'line': b'-- Detecting C compiler ABI info\n'}
[5.721744] (my_base) StdoutLine: {'line': b'-- Found tf2_geometry_msgs: 0.36.19 (/opt/ros/jazzy/share/tf2_geometry_msgs/cmake)\n'}
[5.729984] (-) TimerEvent: {}
[5.778472] (my_base) StdoutLine: {'line': b'-- Found eigen3_cmake_module: 0.3.0 (/opt/ros/jazzy/share/eigen3_cmake_module/cmake)\n'}
[5.785787] (my_base) StdoutLine: {'line': b'-- Found Eigen3: TRUE (found version "3.4.0") \n'}
[5.786138] (my_base) StdoutLine: {'line': b'-- Ensuring Eigen3 include directory is part of orocos-kdl CMake target\n'}
[5.831125] (-) TimerEvent: {}
[5.864156] (tbot_description) StdoutLine: {'line': b'-- Detecting C compiler ABI info - done\n'}
[5.879543] (tbot_description) StdoutLine: {'line': b'-- Check for working C compiler: /usr/bin/cc - skipped\n'}
[5.880112] (tbot_description) StdoutLine: {'line': b'-- Detecting C compile features\n'}
[5.880793] (tbot_description) StdoutLine: {'line': b'-- Detecting C compile features - done\n'}
[5.897309] (tbot_description) StdoutLine: {'line': b'-- Detecting CXX compiler ABI info\n'}
[5.933133] (-) TimerEvent: {}
[6.033562] (-) TimerEvent: {}
[6.117536] (tbot_description) StdoutLine: {'line': b'-- Detecting CXX compiler ABI info - done\n'}
[6.134580] (tbot_description) StdoutLine: {'line': b'-- Check for working CXX compiler: /usr/bin/c++ - skipped\n'}
[6.134959] (-) TimerEvent: {}
[6.137789] (tbot_description) StdoutLine: {'line': b'-- Detecting CXX compile features\n'}
[6.138142] (tbot_description) StdoutLine: {'line': b'-- Detecting CXX compile features - done\n'}
[6.144541] (tbot_description) StdoutLine: {'line': b'-- Found ament_cmake: 2.5.5 (/opt/ros/jazzy/share/ament_cmake/cmake)\n'}
[6.235086] (-) TimerEvent: {}
[6.274103] (my_base) StdoutLine: {'line': b'-- Found nav_msgs: 5.3.6 (/opt/ros/jazzy/share/nav_msgs/cmake)\n'}
[6.335543] (-) TimerEvent: {}
[6.357293] (my_base) StdoutLine: {'line': b"-- Added test 'cppcheck' to perform static code analysis on C / C++ code\n"}
[6.358552] (my_base) StdoutLine: {'line': b'-- Configured cppcheck include dirs: \n'}
[6.358826] (my_base) StdoutLine: {'line': b'-- Configured cppcheck exclude dirs and/or files: \n'}
[6.364245] (my_base) StdoutLine: {'line': b"-- Added test 'flake8' to check Python code syntax and style conventions\n"}
[6.364522] (my_base) StdoutLine: {'line': b"-- Configured 'flake8' exclude dirs and/or files: \n"}
[6.374900] (my_base) StdoutLine: {'line': b"-- Added test 'lint_cmake' to check CMake code style\n"}
[6.380126] (my_base) StdoutLine: {'line': b"-- Added test 'pep257' to check Python code against some of the docstring style conventions in PEP 257\n"}
[6.406482] (my_base) StdoutLine: {'line': b"-- Added test 'uncrustify' to check C / C++ code style\n"}
[6.406777] (my_base) StdoutLine: {'line': b'-- Configured uncrustify additional arguments: \n'}
[6.417294] (my_base) StdoutLine: {'line': b"-- Added test 'xmllint' to check XML markup files\n"}
[6.430087] (my_base) StdoutLine: {'line': b'-- Configuring done (5.9s)\n'}
[6.430433] (lslidar_msgs) StdoutLine: {'line': b'-- Found ament_cmake_ros: 0.12.0 (/opt/ros/jazzy/share/ament_cmake_ros/cmake)\n'}
[6.435660] (-) TimerEvent: {}
[6.440987] (tbot_description) StdoutLine: {'line': b'-- Found Python3: /usr/bin/python3 (found version "3.12.3") found components: Interpreter \n'}
[6.535365] (my_base) StdoutLine: {'line': b'-- Generating done (0.1s)\n'}
[6.535666] (-) TimerEvent: {}
[6.548165] (my_base) StdoutLine: {'line': b'-- Build files have been written to: /home/pi/Desktop/robot_move/build/my_base\n'}
[6.577263] (my_base) CommandEnded: {'returncode': 0}
[6.580976] (my_base) JobProgress: {'identifier': 'my_base', 'progress': 'build'}
[6.581055] (my_base) Command: {'cmd': ['/usr/bin/cmake', '--build', '/home/pi/Desktop/robot_move/build/my_base', '--', '-j4', '-l4'], 'cwd': '/home/pi/Desktop/robot_move/build/my_base', 'env': OrderedDict({'USER': 'pi', 'SSH_CLIENT': '172.20.0.79 61948 22', 'XDG_SESSION_TYPE': 'tty', 'GIT_ASKPASS': '/home/pi/.vscode-server/cli/servers/Stable-8761a5560cfd65fdd19ce7e2bd18dab5c0a4d84e/server/extensions/git/dist/askpass.sh', 'SHLVL': '1', 'LD_LIBRARY_PATH': '/home/pi/Desktop/robot_move/my_base_learn/install/lslidar_msgs/lib:/opt/ros/jazzy/opt/rviz_ogre_vendor/lib:/opt/ros/jazzy/lib/aarch64-linux-gnu:/opt/ros/jazzy/opt/gz_math_vendor/lib:/opt/ros/jazzy/opt/gz_utils_vendor/lib:/opt/ros/jazzy/opt/gz_cmake_vendor/lib:/opt/ros/jazzy/lib', 'BROWSER': '/home/pi/.vscode-server/cli/servers/Stable-8761a5560cfd65fdd19ce7e2bd18dab5c0a4d84e/server/bin/helpers/browser.sh', 'HOME': '/home/pi', 'OLDPWD': '/home/pi/.vscode-server', 'TERM_PROGRAM_VERSION': '1.122.1', 'VSCODE_IPC_HOOK_CLI': '/run/user/1002/vscode-ipc-804e5c9b-6341-4a90-9e9c-12e77a891ac8.sock', 'ROS_PYTHON_VERSION': '3', 'VSCODE_GIT_ASKPASS_MAIN': '/home/pi/.vscode-server/cli/servers/Stable-8761a5560cfd65fdd19ce7e2bd18dab5c0a4d84e/server/extensions/git/dist/askpass-main.js', 'VSCODE_GIT_ASKPASS_NODE': '/home/pi/.vscode-server/cli/servers/Stable-8761a5560cfd65fdd19ce7e2bd18dab5c0a4d84e/server/node', 'VSCODE_PYTHON_AUTOACTIVATE_GUARD': '1', 'DBUS_SESSION_BUS_ADDRESS': 'unix:path=/run/user/1002/bus', 'COLORTERM': 'truecolor', 'DEBUGINFOD_URLS': 'https://debuginfod.ubuntu.com', 'COLCON_PREFIX_PATH': '/home/pi/Desktop/robot_move/my_base_learn/install', 'ROS_DISTRO': 'jazzy', 'LOGNAME': 'pi', '_': '/usr/bin/colcon', 'ROS_VERSION': '2', 'XDG_SESSION_CLASS': 'user', 'TERM': 'xterm-256color', 'XDG_SESSION_ID': '4', 'PATH': '/home/pi/.vscode-server/cli/servers/Stable-8761a5560cfd65fdd19ce7e2bd18dab5c0a4d84e/server/bin/remote-cli:/opt/ros/jazzy/bin:/usr/local/sbin:/usr/local/bin:/usr/sbin:/usr/bin:/sbin:/bin:/usr/games:/usr/local/games:/snap/bin', 'XDG_RUNTIME_DIR': '/run/user/1002', 'LANG': 'en_US.UTF-8', 'VSCODE_GIT_IPC_HANDLE': '/run/user/1002/vscode-git-c742cdeaad.sock', 'TERM_PROGRAM': 'vscode', 'AMENT_PREFIX_PATH': '/home/pi/Desktop/robot_move/my_base_learn/install/tbot_description:/home/pi/Desktop/robot_move/my_base_learn/install/robot_control:/home/pi/Desktop/robot_move/my_base_learn/install/my_base:/home/pi/Desktop/robot_move/my_base_learn/install/lslidar_driver:/home/pi/Desktop/robot_move/my_base_learn/install/lslidar_msgs:/home/pi/Desktop/robot_move/my_base_learn/install/lidar_test:/opt/ros/jazzy', 'SHELL': '/bin/bash', 'ROS_AUTOMATIC_DISCOVERY_RANGE': 'SUBNET', 'VSCODE_GIT_ASKPASS_EXTRA_ARGS': '', 'PWD': '/home/pi/Desktop/robot_move/build/my_base', 'LC_ALL': 'en_US.UTF-8', 'SSH_CONNECTION': '172.20.0.79 61948 172.20.1.242 22', 'XDG_DATA_DIRS': '/usr/share/gnome:/usr/local/share:/usr/share:/var/lib/snapd/desktop', 'PYTHONPATH': '/home/pi/Desktop/robot_move/my_base_learn/install/robot_control/lib/python3.12/site-packages:/home/pi/Desktop/robot_move/my_base_learn/install/lslidar_msgs/lib/python3.12/site-packages:/home/pi/Desktop/robot_move/my_base_learn/install/lidar_test/lib/python3.12/site-packages:/opt/ros/jazzy/lib/python3.12/site-packages', 'COLCON': '1', 'CMAKE_PREFIX_PATH': '/home/pi/Desktop/robot_move/my_base_learn/install/tbot_description:/home/pi/Desktop/robot_move/my_base_learn/install/my_base:/home/pi/Desktop/robot_move/my_base_learn/install/lslidar_driver:/home/pi/Desktop/robot_move/my_base_learn/install/lslidar_msgs:/opt/ros/jazzy/opt/gz_math_vendor:/opt/ros/jazzy/opt/gz_utils_vendor:/opt/ros/jazzy/opt/gz_cmake_vendor:/home/pi/Desktop/robot_move/my_base_learn/install/robot_control:/home/pi/Desktop/robot_move/my_base_learn/install/lidar_test:/opt/ros/jazzy'}), 'shell': False}
[6.635851] (-) TimerEvent: {}
[6.664899] (tbot_description) StdoutLine: {'line': b'-- Found ament_lint_auto: 0.17.4 (/opt/ros/jazzy/share/ament_lint_auto/cmake)\n'}
[6.708191] (my_base) StdoutLine: {'line': b'[ 50%] \x1b[32mBuilding CXX object CMakeFiles/my_base.dir/src/my_base.cpp.o\x1b[0m\n'}
[6.735951] (-) TimerEvent: {}
[6.836345] (-) TimerEvent: {}
[6.882757] (tbot_description) StdoutLine: {'line': b"-- Added test 'lint_cmake' to check CMake code style\n"}
[6.885202] (tbot_description) StdoutLine: {'line': b"-- Added test 'xmllint' to check XML markup files\n"}
[6.887974] (tbot_description) StdoutLine: {'line': b'-- Configuring done (1.5s)\n'}
[6.893500] (tbot_description) StdoutLine: {'line': b'-- Generating done (0.0s)\n'}
[6.897352] (tbot_description) StdoutLine: {'line': b'-- Build files have been written to: /home/pi/Desktop/robot_move/build/tbot_description\n'}
[6.906986] (tbot_description) CommandEnded: {'returncode': 0}
[6.925402] (tbot_description) JobProgress: {'identifier': 'tbot_description', 'progress': 'build'}
[6.925482] (tbot_description) Command: {'cmd': ['/usr/bin/cmake', '--build', '/home/pi/Desktop/robot_move/build/tbot_description', '--', '-j4', '-l4'], 'cwd': '/home/pi/Desktop/robot_move/build/tbot_description', 'env': OrderedDict({'USER': 'pi', 'SSH_CLIENT': '172.20.0.79 61948 22', 'XDG_SESSION_TYPE': 'tty', 'GIT_ASKPASS': '/home/pi/.vscode-server/cli/servers/Stable-8761a5560cfd65fdd19ce7e2bd18dab5c0a4d84e/server/extensions/git/dist/askpass.sh', 'SHLVL': '1', 'LD_LIBRARY_PATH': '/home/pi/Desktop/robot_move/my_base_learn/install/lslidar_msgs/lib:/opt/ros/jazzy/opt/rviz_ogre_vendor/lib:/opt/ros/jazzy/lib/aarch64-linux-gnu:/opt/ros/jazzy/opt/gz_math_vendor/lib:/opt/ros/jazzy/opt/gz_utils_vendor/lib:/opt/ros/jazzy/opt/gz_cmake_vendor/lib:/opt/ros/jazzy/lib', 'BROWSER': '/home/pi/.vscode-server/cli/servers/Stable-8761a5560cfd65fdd19ce7e2bd18dab5c0a4d84e/server/bin/helpers/browser.sh', 'HOME': '/home/pi', 'OLDPWD': '/home/pi/.vscode-server', 'TERM_PROGRAM_VERSION': '1.122.1', 'VSCODE_IPC_HOOK_CLI': '/run/user/1002/vscode-ipc-804e5c9b-6341-4a90-9e9c-12e77a891ac8.sock', 'ROS_PYTHON_VERSION': '3', 'VSCODE_GIT_ASKPASS_MAIN': '/home/pi/.vscode-server/cli/servers/Stable-8761a5560cfd65fdd19ce7e2bd18dab5c0a4d84e/server/extensions/git/dist/askpass-main.js', 'VSCODE_GIT_ASKPASS_NODE': '/home/pi/.vscode-server/cli/servers/Stable-8761a5560cfd65fdd19ce7e2bd18dab5c0a4d84e/server/node', 'VSCODE_PYTHON_AUTOACTIVATE_GUARD': '1', 'DBUS_SESSION_BUS_ADDRESS': 'unix:path=/run/user/1002/bus', 'COLORTERM': 'truecolor', 'DEBUGINFOD_URLS': 'https://debuginfod.ubuntu.com', 'COLCON_PREFIX_PATH': '/home/pi/Desktop/robot_move/my_base_learn/install', 'ROS_DISTRO': 'jazzy', 'LOGNAME': 'pi', '_': '/usr/bin/colcon', 'ROS_VERSION': '2', 'XDG_SESSION_CLASS': 'user', 'TERM': 'xterm-256color', 'XDG_SESSION_ID': '4', 'PATH': '/home/pi/.vscode-server/cli/servers/Stable-8761a5560cfd65fdd19ce7e2bd18dab5c0a4d84e/server/bin/remote-cli:/opt/ros/jazzy/bin:/usr/local/sbin:/usr/local/bin:/usr/sbin:/usr/bin:/sbin:/bin:/usr/games:/usr/local/games:/snap/bin', 'XDG_RUNTIME_DIR': '/run/user/1002', 'LANG': 'en_US.UTF-8', 'VSCODE_GIT_IPC_HANDLE': '/run/user/1002/vscode-git-c742cdeaad.sock', 'TERM_PROGRAM': 'vscode', 'AMENT_PREFIX_PATH': '/home/pi/Desktop/robot_move/my_base_learn/install/tbot_description:/home/pi/Desktop/robot_move/my_base_learn/install/robot_control:/home/pi/Desktop/robot_move/my_base_learn/install/my_base:/home/pi/Desktop/robot_move/my_base_learn/install/lslidar_driver:/home/pi/Desktop/robot_move/my_base_learn/install/lslidar_msgs:/home/pi/Desktop/robot_move/my_base_learn/install/lidar_test:/opt/ros/jazzy', 'SHELL': '/bin/bash', 'ROS_AUTOMATIC_DISCOVERY_RANGE': 'SUBNET', 'VSCODE_GIT_ASKPASS_EXTRA_ARGS': '', 'PWD': '/home/pi/Desktop/robot_move/build/tbot_description', 'LC_ALL': 'en_US.UTF-8', 'SSH_CONNECTION': '172.20.0.79 61948 172.20.1.242 22', 'XDG_DATA_DIRS': '/usr/share/gnome:/usr/local/share:/usr/share:/var/lib/snapd/desktop', 'PYTHONPATH': '/home/pi/Desktop/robot_move/my_base_learn/install/robot_control/lib/python3.12/site-packages:/home/pi/Desktop/robot_move/my_base_learn/install/lslidar_msgs/lib/python3.12/site-packages:/home/pi/Desktop/robot_move/my_base_learn/install/lidar_test/lib/python3.12/site-packages:/opt/ros/jazzy/lib/python3.12/site-packages', 'COLCON': '1', 'CMAKE_PREFIX_PATH': '/home/pi/Desktop/robot_move/my_base_learn/install/tbot_description:/home/pi/Desktop/robot_move/my_base_learn/install/my_base:/home/pi/Desktop/robot_move/my_base_learn/install/lslidar_driver:/home/pi/Desktop/robot_move/my_base_learn/install/lslidar_msgs:/opt/ros/jazzy/opt/gz_math_vendor:/opt/ros/jazzy/opt/gz_utils_vendor:/opt/ros/jazzy/opt/gz_cmake_vendor:/home/pi/Desktop/robot_move/my_base_learn/install/robot_control:/home/pi/Desktop/robot_move/my_base_learn/install/lidar_test:/opt/ros/jazzy'}), 'shell': False}
[6.936406] (-) TimerEvent: {}
[7.010842] (tbot_description) CommandEnded: {'returncode': 0}
[7.011692] (tbot_description) JobProgress: {'identifier': 'tbot_description', 'progress': 'install'}
[7.028729] (tbot_description) Command: {'cmd': ['/usr/bin/cmake', '--install', '/home/pi/Desktop/robot_move/build/tbot_description'], 'cwd': '/home/pi/Desktop/robot_move/build/tbot_description', 'env': OrderedDict({'USER': 'pi', 'SSH_CLIENT': '172.20.0.79 61948 22', 'XDG_SESSION_TYPE': 'tty', 'GIT_ASKPASS': '/home/pi/.vscode-server/cli/servers/Stable-8761a5560cfd65fdd19ce7e2bd18dab5c0a4d84e/server/extensions/git/dist/askpass.sh', 'SHLVL': '1', 'LD_LIBRARY_PATH': '/home/pi/Desktop/robot_move/my_base_learn/install/lslidar_msgs/lib:/opt/ros/jazzy/opt/rviz_ogre_vendor/lib:/opt/ros/jazzy/lib/aarch64-linux-gnu:/opt/ros/jazzy/opt/gz_math_vendor/lib:/opt/ros/jazzy/opt/gz_utils_vendor/lib:/opt/ros/jazzy/opt/gz_cmake_vendor/lib:/opt/ros/jazzy/lib', 'BROWSER': '/home/pi/.vscode-server/cli/servers/Stable-8761a5560cfd65fdd19ce7e2bd18dab5c0a4d84e/server/bin/helpers/browser.sh', 'HOME': '/home/pi', 'OLDPWD': '/home/pi/.vscode-server', 'TERM_PROGRAM_VERSION': '1.122.1', 'VSCODE_IPC_HOOK_CLI': '/run/user/1002/vscode-ipc-804e5c9b-6341-4a90-9e9c-12e77a891ac8.sock', 'ROS_PYTHON_VERSION': '3', 'VSCODE_GIT_ASKPASS_MAIN': '/home/pi/.vscode-server/cli/servers/Stable-8761a5560cfd65fdd19ce7e2bd18dab5c0a4d84e/server/extensions/git/dist/askpass-main.js', 'VSCODE_GIT_ASKPASS_NODE': '/home/pi/.vscode-server/cli/servers/Stable-8761a5560cfd65fdd19ce7e2bd18dab5c0a4d84e/server/node', 'VSCODE_PYTHON_AUTOACTIVATE_GUARD': '1', 'DBUS_SESSION_BUS_ADDRESS': 'unix:path=/run/user/1002/bus', 'COLORTERM': 'truecolor', 'DEBUGINFOD_URLS': 'https://debuginfod.ubuntu.com', 'COLCON_PREFIX_PATH': '/home/pi/Desktop/robot_move/my_base_learn/install', 'ROS_DISTRO': 'jazzy', 'LOGNAME': 'pi', '_': '/usr/bin/colcon', 'ROS_VERSION': '2', 'XDG_SESSION_CLASS': 'user', 'TERM': 'xterm-256color', 'XDG_SESSION_ID': '4', 'PATH': '/home/pi/.vscode-server/cli/servers/Stable-8761a5560cfd65fdd19ce7e2bd18dab5c0a4d84e/server/bin/remote-cli:/opt/ros/jazzy/bin:/usr/local/sbin:/usr/local/bin:/usr/sbin:/usr/bin:/sbin:/bin:/usr/games:/usr/local/games:/snap/bin', 'XDG_RUNTIME_DIR': '/run/user/1002', 'LANG': 'en_US.UTF-8', 'VSCODE_GIT_IPC_HANDLE': '/run/user/1002/vscode-git-c742cdeaad.sock', 'TERM_PROGRAM': 'vscode', 'AMENT_PREFIX_PATH': '/home/pi/Desktop/robot_move/my_base_learn/install/tbot_description:/home/pi/Desktop/robot_move/my_base_learn/install/robot_control:/home/pi/Desktop/robot_move/my_base_learn/install/my_base:/home/pi/Desktop/robot_move/my_base_learn/install/lslidar_driver:/home/pi/Desktop/robot_move/my_base_learn/install/lslidar_msgs:/home/pi/Desktop/robot_move/my_base_learn/install/lidar_test:/opt/ros/jazzy', 'SHELL': '/bin/bash', 'ROS_AUTOMATIC_DISCOVERY_RANGE': 'SUBNET', 'VSCODE_GIT_ASKPASS_EXTRA_ARGS': '', 'PWD': '/home/pi/Desktop/robot_move/build/tbot_description', 'LC_ALL': 'en_US.UTF-8', 'SSH_CONNECTION': '172.20.0.79 61948 172.20.1.242 22', 'XDG_DATA_DIRS': '/usr/share/gnome:/usr/local/share:/usr/share:/var/lib/snapd/desktop', 'PYTHONPATH': '/home/pi/Desktop/robot_move/my_base_learn/install/robot_control/lib/python3.12/site-packages:/home/pi/Desktop/robot_move/my_base_learn/install/lslidar_msgs/lib/python3.12/site-packages:/home/pi/Desktop/robot_move/my_base_learn/install/lidar_test/lib/python3.12/site-packages:/opt/ros/jazzy/lib/python3.12/site-packages', 'COLCON': '1', 'CMAKE_PREFIX_PATH': '/home/pi/Desktop/robot_move/my_base_learn/install/tbot_description:/home/pi/Desktop/robot_move/my_base_learn/install/my_base:/home/pi/Desktop/robot_move/my_base_learn/install/lslidar_driver:/home/pi/Desktop/robot_move/my_base_learn/install/lslidar_msgs:/opt/ros/jazzy/opt/gz_math_vendor:/opt/ros/jazzy/opt/gz_utils_vendor:/opt/ros/jazzy/opt/gz_cmake_vendor:/home/pi/Desktop/robot_move/my_base_learn/install/robot_control:/home/pi/Desktop/robot_move/my_base_learn/install/lidar_test:/opt/ros/jazzy'}), 'shell': False}
[7.037799] (-) TimerEvent: {}
[7.046860] (tbot_description) StdoutLine: {'line': b'-- Install configuration: ""\n'}
[7.047962] (tbot_description) StdoutLine: {'line': b'-- Installing: /home/pi/Desktop/robot_move/install/tbot_description/share/tbot_description/urdf\n'}
[7.048227] (tbot_description) StdoutLine: {'line': b'-- Installing: /home/pi/Desktop/robot_move/install/tbot_description/share/tbot_description/urdf/tbot.urdf\n'}
[7.058905] (tbot_description) StdoutLine: {'line': b'-- Installing: /home/pi/Desktop/robot_move/install/tbot_description/share/tbot_description/urdf/tbot_description.gv\n'}
[7.059233] (tbot_description) StdoutLine: {'line': b'-- Installing: /home/pi/Desktop/robot_move/install/tbot_description/share/tbot_description/urdf/tbot_description.pdf\n'}
[7.070315] (tbot_description) StdoutLine: {'line': b'-- Installing: /home/pi/Desktop/robot_move/install/tbot_description/share/tbot_description/meshes\n'}
[7.070824] (tbot_description) StdoutLine: {'line': b'-- Installing: /home/pi/Desktop/robot_move/install/tbot_description/share/tbot_description/meshes/right_wheel_Link.STL\n'}
[7.082936] (tbot_description) StdoutLine: {'line': b'-- Installing: /home/pi/Desktop/robot_move/install/tbot_description/share/tbot_description/meshes/ultrasonic_Link.STL\n'}
[7.089830] (tbot_description) StdoutLine: {'line': b'-- Installing: /home/pi/Desktop/robot_move/install/tbot_description/share/tbot_description/meshes/base_link.STL\n'}
[7.132808] (tbot_description) StdoutLine: {'line': b'-- Installing: /home/pi/Desktop/robot_move/install/tbot_description/share/tbot_description/meshes/camera_Link.STL\n'}
[7.136380] (tbot_description) StdoutLine: {'line': b'-- Installing: /home/pi/Desktop/robot_move/install/tbot_description/share/tbot_description/meshes/laser_Link.STL\n'}
[7.137876] (-) TimerEvent: {}
[7.141327] (tbot_description) StdoutLine: {'line': b'-- Installing: /home/pi/Desktop/robot_move/install/tbot_description/share/tbot_description/meshes/left_wheel_Link.STL\n'}
[7.149513] (tbot_description) StdoutLine: {'line': b'-- Installing: /home/pi/Desktop/robot_move/install/tbot_description/share/tbot_description/meshes/imu_Link.STL\n'}
[7.153279] (tbot_description) StdoutLine: {'line': b'-- Installing: /home/pi/Desktop/robot_move/install/tbot_description/share/tbot_description/launch\n'}
[7.154000] (tbot_description) StdoutLine: {'line': b'-- Installing: /home/pi/Desktop/robot_move/install/tbot_description/share/tbot_description/launch/display.launch\n'}
[7.154614] (tbot_description) StdoutLine: {'line': b'-- Installing: /home/pi/Desktop/robot_move/install/tbot_description/share/tbot_description/config\n'}
[7.156031] (tbot_description) StdoutLine: {'line': b'-- Installing: /home/pi/Desktop/robot_move/install/tbot_description/share/ament_index/resource_index/package_run_dependencies/tbot_description\n'}
[7.157271] (tbot_description) StdoutLine: {'line': b'-- Installing: /home/pi/Desktop/robot_move/install/tbot_description/share/ament_index/resource_index/parent_prefix_path/tbot_description\n'}
[7.157473] (tbot_description) StdoutLine: {'line': b'-- Installing: /home/pi/Desktop/robot_move/install/tbot_description/share/tbot_description/environment/ament_prefix_path.sh\n'}
[7.157614] (tbot_description) StdoutLine: {'line': b'-- Installing: /home/pi/Desktop/robot_move/install/tbot_description/share/tbot_description/environment/ament_prefix_path.dsv\n'}
[7.158130] (tbot_description) StdoutLine: {'line': b'-- Installing: /home/pi/Desktop/robot_move/install/tbot_description/share/tbot_description/environment/path.sh\n'}
[7.158356] (tbot_description) StdoutLine: {'line': b'-- Installing: /home/pi/Desktop/robot_move/install/tbot_description/share/tbot_description/environment/path.dsv\n'}
[7.158490] (tbot_description) StdoutLine: {'line': b'-- Installing: /home/pi/Desktop/robot_move/install/tbot_description/share/tbot_description/local_setup.bash\n'}
[7.158603] (tbot_description) StdoutLine: {'line': b'-- Installing: /home/pi/Desktop/robot_move/install/tbot_description/share/tbot_description/local_setup.sh\n'}
[7.158714] (tbot_description) StdoutLine: {'line': b'-- Installing: /home/pi/Desktop/robot_move/install/tbot_description/share/tbot_description/local_setup.zsh\n'}
[7.158810] (tbot_description) StdoutLine: {'line': b'-- Installing: /home/pi/Desktop/robot_move/install/tbot_description/share/tbot_description/local_setup.dsv\n'}
[7.158918] (tbot_description) StdoutLine: {'line': b'-- Installing: /home/pi/Desktop/robot_move/install/tbot_description/share/tbot_description/package.dsv\n'}
[7.159141] (tbot_description) StdoutLine: {'line': b'-- Installing: /home/pi/Desktop/robot_move/install/tbot_description/share/ament_index/resource_index/packages/tbot_description\n'}
[7.159483] (tbot_description) StdoutLine: {'line': b'-- Installing: /home/pi/Desktop/robot_move/install/tbot_description/share/tbot_description/cmake/tbot_descriptionConfig.cmake\n'}
[7.159699] (tbot_description) StdoutLine: {'line': b'-- Installing: /home/pi/Desktop/robot_move/install/tbot_description/share/tbot_description/cmake/tbot_descriptionConfig-version.cmake\n'}
[7.159815] (tbot_description) StdoutLine: {'line': b'-- Installing: /home/pi/Desktop/robot_move/install/tbot_description/share/tbot_description/package.xml\n'}
[7.163407] (tbot_description) CommandEnded: {'returncode': 0}
[7.237188] (tbot_description) JobEnded: {'identifier': 'tbot_description', 'rc': 0}
[7.237956] (-) TimerEvent: {}
[7.338251] (-) TimerEvent: {}
[7.438756] (-) TimerEvent: {}
[7.539118] (-) TimerEvent: {}
[7.639444] (-) TimerEvent: {}
[7.739816] (-) TimerEvent: {}
[7.840216] (-) TimerEvent: {}
[7.940607] (-) TimerEvent: {}
[8.021326] (lslidar_msgs) StdoutLine: {'line': b'-- Using all available rosidl_typesupport_c: rosidl_typesupport_fastrtps_c;rosidl_typesupport_introspection_c\n'}
[8.040690] (-) TimerEvent: {}
[8.141029] (-) TimerEvent: {}
[8.241440] (-) TimerEvent: {}
[8.341786] (-) TimerEvent: {}
[8.442073] (-) TimerEvent: {}
[8.542379] (lslidar_msgs) StdoutLine: {'line': b'-- Using all available rosidl_typesupport_cpp: rosidl_typesupport_fastrtps_cpp;rosidl_typesupport_introspection_cpp\n'}
[8.542685] (-) TimerEvent: {}
[8.553378] (lslidar_msgs) StdoutLine: {'line': b'-- Found python_cmake_module: 0.11.1 (/opt/ros/jazzy/share/python_cmake_module/cmake)\n'}
[8.642842] (-) TimerEvent: {}
[8.743267] (-) TimerEvent: {}
[8.801780] (lslidar_msgs) StdoutLine: {'line': b'-- Found PythonExtra: /usr/bin/python3  \n'}
[8.843392] (-) TimerEvent: {}
[8.943870] (-) TimerEvent: {}
[9.044493] (-) TimerEvent: {}
[9.144945] (-) TimerEvent: {}
[9.245419] (-) TimerEvent: {}
[9.345806] (-) TimerEvent: {}
[9.446213] (-) TimerEvent: {}
[9.546580] (-) TimerEvent: {}
[9.647041] (-) TimerEvent: {}
[9.671039] (lslidar_msgs) StdoutLine: {'line': b'-- Found Python3: /usr/bin/python3 (found version "3.12.3") found components: Interpreter Development NumPy Development.Module Development.Embed \n'}
[9.747128] (-) TimerEvent: {}
[9.787626] (lslidar_msgs) StdoutLine: {'line': b"-- Added test 'copyright' to check source files copyright and LICENSE\n"}
[9.793274] (lslidar_msgs) StdoutLine: {'line': b"-- Added test 'lint_cmake' to check CMake code style\n"}
[9.795518] (lslidar_msgs) StdoutLine: {'line': b"-- Added test 'xmllint' to check XML markup files\n"}
[9.824177] (lslidar_msgs) StdoutLine: {'line': b'-- Configuring done (9.4s)\n'}
[9.847251] (-) TimerEvent: {}
[9.930821] (lslidar_msgs) StdoutLine: {'line': b'-- Generating done (0.1s)\n'}
[9.947372] (-) TimerEvent: {}
[9.953843] (lslidar_msgs) StdoutLine: {'line': b'-- Build files have been written to: /home/pi/Desktop/robot_move/build/lslidar_msgs\n'}
[9.981881] (lslidar_msgs) CommandEnded: {'returncode': 0}
[9.982661] (lslidar_msgs) JobProgress: {'identifier': 'lslidar_msgs', 'progress': 'build'}
[9.983343] (lslidar_msgs) Command: {'cmd': ['/usr/bin/cmake', '--build', '/home/pi/Desktop/robot_move/build/lslidar_msgs', '--', '-j4', '-l4'], 'cwd': '/home/pi/Desktop/robot_move/build/lslidar_msgs', 'env': OrderedDict({'USER': 'pi', 'SSH_CLIENT': '172.20.0.79 61948 22', 'XDG_SESSION_TYPE': 'tty', 'GIT_ASKPASS': '/home/pi/.vscode-server/cli/servers/Stable-8761a5560cfd65fdd19ce7e2bd18dab5c0a4d84e/server/extensions/git/dist/askpass.sh', 'SHLVL': '1', 'LD_LIBRARY_PATH': '/home/pi/Desktop/robot_move/my_base_learn/install/lslidar_msgs/lib:/opt/ros/jazzy/opt/rviz_ogre_vendor/lib:/opt/ros/jazzy/lib/aarch64-linux-gnu:/opt/ros/jazzy/opt/gz_math_vendor/lib:/opt/ros/jazzy/opt/gz_utils_vendor/lib:/opt/ros/jazzy/opt/gz_cmake_vendor/lib:/opt/ros/jazzy/lib', 'BROWSER': '/home/pi/.vscode-server/cli/servers/Stable-8761a5560cfd65fdd19ce7e2bd18dab5c0a4d84e/server/bin/helpers/browser.sh', 'HOME': '/home/pi', 'OLDPWD': '/home/pi/.vscode-server', 'TERM_PROGRAM_VERSION': '1.122.1', 'VSCODE_IPC_HOOK_CLI': '/run/user/1002/vscode-ipc-804e5c9b-6341-4a90-9e9c-12e77a891ac8.sock', 'ROS_PYTHON_VERSION': '3', 'VSCODE_GIT_ASKPASS_MAIN': '/home/pi/.vscode-server/cli/servers/Stable-8761a5560cfd65fdd19ce7e2bd18dab5c0a4d84e/server/extensions/git/dist/askpass-main.js', 'VSCODE_GIT_ASKPASS_NODE': '/home/pi/.vscode-server/cli/servers/Stable-8761a5560cfd65fdd19ce7e2bd18dab5c0a4d84e/server/node', 'VSCODE_PYTHON_AUTOACTIVATE_GUARD': '1', 'DBUS_SESSION_BUS_ADDRESS': 'unix:path=/run/user/1002/bus', 'COLORTERM': 'truecolor', 'DEBUGINFOD_URLS': 'https://debuginfod.ubuntu.com', 'COLCON_PREFIX_PATH': '/home/pi/Desktop/robot_move/my_base_learn/install', 'ROS_DISTRO': 'jazzy', 'LOGNAME': 'pi', '_': '/usr/bin/colcon', 'ROS_VERSION': '2', 'XDG_SESSION_CLASS': 'user', 'TERM': 'xterm-256color', 'XDG_SESSION_ID': '4', 'PATH': '/home/pi/.vscode-server/cli/servers/Stable-8761a5560cfd65fdd19ce7e2bd18dab5c0a4d84e/server/bin/remote-cli:/opt/ros/jazzy/bin:/usr/local/sbin:/usr/local/bin:/usr/sbin:/usr/bin:/sbin:/bin:/usr/games:/usr/local/games:/snap/bin', 'XDG_RUNTIME_DIR': '/run/user/1002', 'LANG': 'en_US.UTF-8', 'VSCODE_GIT_IPC_HANDLE': '/run/user/1002/vscode-git-c742cdeaad.sock', 'TERM_PROGRAM': 'vscode', 'AMENT_PREFIX_PATH': '/home/pi/Desktop/robot_move/my_base_learn/install/tbot_description:/home/pi/Desktop/robot_move/my_base_learn/install/robot_control:/home/pi/Desktop/robot_move/my_base_learn/install/my_base:/home/pi/Desktop/robot_move/my_base_learn/install/lslidar_driver:/home/pi/Desktop/robot_move/my_base_learn/install/lslidar_msgs:/home/pi/Desktop/robot_move/my_base_learn/install/lidar_test:/opt/ros/jazzy', 'SHELL': '/bin/bash', 'ROS_AUTOMATIC_DISCOVERY_RANGE': 'SUBNET', 'VSCODE_GIT_ASKPASS_EXTRA_ARGS': '', 'PWD': '/home/pi/Desktop/robot_move/build/lslidar_msgs', 'LC_ALL': 'en_US.UTF-8', 'SSH_CONNECTION': '172.20.0.79 61948 172.20.1.242 22', 'XDG_DATA_DIRS': '/usr/share/gnome:/usr/local/share:/usr/share:/var/lib/snapd/desktop', 'PYTHONPATH': '/home/pi/Desktop/robot_move/my_base_learn/install/robot_control/lib/python3.12/site-packages:/home/pi/Desktop/robot_move/my_base_learn/install/lslidar_msgs/lib/python3.12/site-packages:/home/pi/Desktop/robot_move/my_base_learn/install/lidar_test/lib/python3.12/site-packages:/opt/ros/jazzy/lib/python3.12/site-packages', 'COLCON': '1', 'CMAKE_PREFIX_PATH': '/home/pi/Desktop/robot_move/my_base_learn/install/tbot_description:/home/pi/Desktop/robot_move/my_base_learn/install/my_base:/home/pi/Desktop/robot_move/my_base_learn/install/lslidar_driver:/home/pi/Desktop/robot_move/my_base_learn/install/lslidar_msgs:/opt/ros/jazzy/opt/gz_math_vendor:/opt/ros/jazzy/opt/gz_utils_vendor:/opt/ros/jazzy/opt/gz_cmake_vendor:/home/pi/Desktop/robot_move/my_base_learn/install/robot_control:/home/pi/Desktop/robot_move/my_base_learn/install/lidar_test:/opt/ros/jazzy'}), 'shell': False}
[10.047502] (-) TimerEvent: {}
[10.112967] (lslidar_msgs) StdoutLine: {'line': b'[  1%] \x1b[34m\x1b[1mGenerating type hashes for ROS interfaces\x1b[0m\n'}
[10.124520] (lslidar_msgs) StdoutLine: {'line': b'[  1%] Built target ament_cmake_python_copy_lslidar_msgs\n'}
[10.147608] (-) TimerEvent: {}
[10.248187] (-) TimerEvent: {}
[10.348703] (-) TimerEvent: {}
[10.449049] (-) TimerEvent: {}
[10.473593] (lslidar_msgs) StdoutLine: {'line': b'running egg_info\n'}
[10.474867] (lslidar_msgs) StdoutLine: {'line': b'creating lslidar_msgs.egg-info\n'}
[10.504484] (lslidar_msgs) StdoutLine: {'line': b'writing lslidar_msgs.egg-info/PKG-INFO\n'}
[10.504901] (lslidar_msgs) StdoutLine: {'line': b'writing dependency_links to lslidar_msgs.egg-info/dependency_links.txt\n'}
[10.505229] (lslidar_msgs) StdoutLine: {'line': b'writing top-level names to lslidar_msgs.egg-info/top_level.txt\n'}
[10.505472] (lslidar_msgs) StdoutLine: {'line': b"writing manifest file 'lslidar_msgs.egg-info/SOURCES.txt'\n"}
[10.549155] (-) TimerEvent: {}
[10.598213] (lslidar_msgs) StdoutLine: {'line': b"reading manifest file 'lslidar_msgs.egg-info/SOURCES.txt'\n"}
[10.598595] (lslidar_msgs) StdoutLine: {'line': b"writing manifest file 'lslidar_msgs.egg-info/SOURCES.txt'\n"}
[10.652132] (-) TimerEvent: {}
[10.698222] (lslidar_msgs) StdoutLine: {'line': b'[  1%] Built target ament_cmake_python_build_lslidar_msgs_egg\n'}
[10.752266] (-) TimerEvent: {}
[10.798078] (lslidar_msgs) StdoutLine: {'line': b'[  1%] Built target lslidar_msgs__rosidl_generator_type_description\n'}
[10.818150] (lslidar_msgs) StdoutLine: {'line': b'[  2%] \x1b[34m\x1b[1mGenerating C code for ROS interfaces\x1b[0m\n'}
[10.839192] (lslidar_msgs) StdoutLine: {'line': b'[  4%] \x1b[34m\x1b[1mGenerating C++ code for ROS interfaces\x1b[0m\n'}
[10.852360] (-) TimerEvent: {}
[10.952715] (-) TimerEvent: {}
[11.053140] (-) TimerEvent: {}
[11.154465] (-) TimerEvent: {}
[11.257265] (-) TimerEvent: {}
[11.359289] (-) TimerEvent: {}
[11.460061] (-) TimerEvent: {}
[11.560811] (-) TimerEvent: {}
[11.663119] (-) TimerEvent: {}
[11.763535] (-) TimerEvent: {}
[11.863966] (-) TimerEvent: {}
[11.965656] (-) TimerEvent: {}
[11.973498] (lslidar_msgs) StdoutLine: {'line': b'[  4%] Built target lslidar_msgs__cpp\n'}
[12.069678] (-) TimerEvent: {}
[12.152244] (lslidar_msgs) StdoutLine: {'line': b'[  5%] \x1b[32mBuilding C object CMakeFiles/lslidar_msgs__rosidl_generator_c.dir/rosidl_generator_c/lslidar_msgs/msg/detail/lslidar_difop__functions.c.o\x1b[0m\n'}
[12.156192] (lslidar_msgs) StdoutLine: {'line': b'[  6%] \x1b[32mBuilding C object CMakeFiles/lslidar_msgs__rosidl_generator_c.dir/rosidl_generator_c/lslidar_msgs/msg/detail/lslidar_difop__type_support.c.o\x1b[0m\n'}
[12.161743] (lslidar_msgs) StdoutLine: {'line': b'[  8%] \x1b[32mBuilding C object CMakeFiles/lslidar_msgs__rosidl_generator_c.dir/rosidl_generator_c/lslidar_msgs/msg/detail/lslidar_difop__description.c.o\x1b[0m\n'}
[12.165037] (lslidar_msgs) StdoutLine: {'line': b'[  9%] \x1b[32mBuilding C object CMakeFiles/lslidar_msgs__rosidl_generator_c.dir/rosidl_generator_c/lslidar_msgs/msg/detail/lslidar_packet__description.c.o\x1b[0m\n'}
[12.170387] (-) TimerEvent: {}
[12.270101] (lslidar_msgs) StdoutLine: {'line': b'[ 10%] \x1b[32mBuilding C object CMakeFiles/lslidar_msgs__rosidl_generator_c.dir/rosidl_generator_c/lslidar_msgs/msg/detail/lslidar_packet__functions.c.o\x1b[0m\n'}
[12.270415] (-) TimerEvent: {}
[12.314237] (lslidar_msgs) StdoutLine: {'line': b'[ 12%] \x1b[32mBuilding C object CMakeFiles/lslidar_msgs__rosidl_generator_c.dir/rosidl_generator_c/lslidar_msgs/msg/detail/lslidar_packet__type_support.c.o\x1b[0m\n'}
[12.324275] (lslidar_msgs) StdoutLine: {'line': b'[ 13%] \x1b[32mBuilding C object CMakeFiles/lslidar_msgs__rosidl_generator_c.dir/rosidl_generator_c/lslidar_msgs/msg/detail/lslidar_point__description.c.o\x1b[0m\n'}
[12.370554] (-) TimerEvent: {}
[12.403793] (lslidar_msgs) StdoutLine: {'line': b'[ 14%] \x1b[32mBuilding C object CMakeFiles/lslidar_msgs__rosidl_generator_c.dir/rosidl_generator_c/lslidar_msgs/msg/detail/lslidar_point__functions.c.o\x1b[0m\n'}
[12.433452] (lslidar_msgs) StdoutLine: {'line': b'[ 16%] \x1b[32mBuilding C object CMakeFiles/lslidar_msgs__rosidl_generator_c.dir/rosidl_generator_c/lslidar_msgs/msg/detail/lslidar_point__type_support.c.o\x1b[0m\n'}
[12.437503] (lslidar_msgs) StdoutLine: {'line': b'[ 17%] \x1b[32mBuilding C object CMakeFiles/lslidar_msgs__rosidl_generator_c.dir/rosidl_generator_c/lslidar_msgs/msg/detail/lslidar_scan__description.c.o\x1b[0m\n'}
[12.456630] (lslidar_msgs) StdoutLine: {'line': b'[ 18%] \x1b[32mBuilding C object CMakeFiles/lslidar_msgs__rosidl_generator_c.dir/rosidl_generator_c/lslidar_msgs/msg/detail/lslidar_scan__functions.c.o\x1b[0m\n'}
[12.470955] (-) TimerEvent: {}
[12.567490] (lslidar_msgs) StdoutLine: {'line': b'[ 20%] \x1b[32mBuilding C object CMakeFiles/lslidar_msgs__rosidl_generator_c.dir/rosidl_generator_c/lslidar_msgs/msg/detail/lslidar_scan__type_support.c.o\x1b[0m\n'}
[12.571114] (-) TimerEvent: {}
[12.579844] (lslidar_msgs) StdoutLine: {'line': b'[ 21%] \x1b[32mBuilding C object CMakeFiles/lslidar_msgs__rosidl_generator_c.dir/rosidl_generator_c/lslidar_msgs/msg/detail/lslidar_sweep__description.c.o\x1b[0m\n'}
[12.592111] (lslidar_msgs) StdoutLine: {'line': b'[ 22%] \x1b[32mBuilding C object CMakeFiles/lslidar_msgs__rosidl_generator_c.dir/rosidl_generator_c/lslidar_msgs/msg/detail/lslidar_sweep__functions.c.o\x1b[0m\n'}
[12.600684] (lslidar_msgs) StdoutLine: {'line': b'[ 24%] \x1b[32mBuilding C object CMakeFiles/lslidar_msgs__rosidl_generator_c.dir/rosidl_generator_c/lslidar_msgs/msg/detail/lslidar_sweep__type_support.c.o\x1b[0m\n'}
[12.671231] (-) TimerEvent: {}
[12.771619] (-) TimerEvent: {}
[12.786666] (lslidar_msgs) StdoutLine: {'line': b'[ 25%] \x1b[32m\x1b[1mLinking C shared library liblslidar_msgs__rosidl_generator_c.so\x1b[0m\n'}
[12.873340] (-) TimerEvent: {}
[12.920132] (lslidar_msgs) StdoutLine: {'line': b'[ 25%] Built target lslidar_msgs__rosidl_generator_c\n'}
[12.964127] (lslidar_msgs) StdoutLine: {'line': b'[ 27%] \x1b[34m\x1b[1mGenerating C++ type support dispatch for ROS interfaces\x1b[0m\n'}
[12.973500] (-) TimerEvent: {}
[12.978547] (lslidar_msgs) StdoutLine: {'line': b'[ 28%] \x1b[34m\x1b[1mGenerating C++ type support for eProsima Fast-RTPS\x1b[0m\n'}
[12.982657] (lslidar_msgs) StdoutLine: {'line': b'[ 29%] \x1b[34m\x1b[1mGenerating C type support for eProsima Fast-RTPS\x1b[0m\n'}
[12.989655] (lslidar_msgs) StdoutLine: {'line': b'[ 31%] \x1b[34m\x1b[1mGenerating C introspection for ROS interfaces\x1b[0m\n'}
[13.076106] (-) TimerEvent: {}
[13.176560] (-) TimerEvent: {}
[13.279119] (-) TimerEvent: {}
[13.318232] (my_base) StderrLine: {'line': b'In file included from \x1b[01m\x1b[K/home/pi/Desktop/robot_move/my_base_learn/src/my_base/src/my_base.cpp:1\x1b[m\x1b[K:\n'}
[13.318560] (my_base) StderrLine: {'line': b'\x1b[01m\x1b[K/home/pi/Desktop/robot_move/my_base_learn/src/my_base/src/bot_serial.h:\x1b[m\x1b[K In member function \xe2\x80\x98\x1b[01m\x1b[Kbool turn_on_robot::\x1b[01;32m\x1b[KGet_Sensor_Data_New\x1b[m\x1b[K()\x1b[m\x1b[K\xe2\x80\x99:\n'}
[13.318671] (my_base) StderrLine: {'line': b'\x1b[01m\x1b[K/home/pi/Desktop/robot_move/my_base_learn/src/my_base/src/bot_serial.h:138:20:\x1b[m\x1b[K \x1b[01;35m\x1b[Kwarning: \x1b[m\x1b[Kunused variable \xe2\x80\x98\x1b[01m\x1b[Kerror\x1b[m\x1b[K\xe2\x80\x99 [\x1b[01;35m\x1b[K\x1b]8;;https://gcc.gnu.org/onlinedocs/gcc/Warning-Options.html#index-Wunused-variable\x07-Wunused-variable\x1b]8;;\x07\x1b[m\x1b[K]\n'}
[13.318767] (my_base) StderrLine: {'line': b'  138 |   uint8_t check=0, \x1b[01;35m\x1b[Kerror\x1b[m\x1b[K=1;\n'}
[13.318854] (my_base) StderrLine: {'line': b'      |                    \x1b[01;35m\x1b[K^~~~~\x1b[m\x1b[K\n'}
[13.379238] (-) TimerEvent: {}
[13.480537] (-) TimerEvent: {}
[13.583235] (-) TimerEvent: {}
[13.683604] (-) TimerEvent: {}
[13.785099] (-) TimerEvent: {}
[13.885513] (-) TimerEvent: {}
[13.987482] (-) TimerEvent: {}
[14.001841] (lslidar_msgs) StdoutLine: {'line': b'[ 32%] \x1b[32mBuilding CXX object CMakeFiles/lslidar_msgs__rosidl_typesupport_cpp.dir/rosidl_typesupport_cpp/lslidar_msgs/msg/lslidar_difop__type_support.cpp.o\x1b[0m\n'}
[14.087622] (-) TimerEvent: {}
[14.189115] (-) TimerEvent: {}
[14.289645] (-) TimerEvent: {}
[14.357041] (lslidar_msgs) StdoutLine: {'line': b'[ 33%] \x1b[32mBuilding CXX object CMakeFiles/lslidar_msgs__rosidl_typesupport_fastrtps_cpp.dir/rosidl_typesupport_fastrtps_cpp/lslidar_msgs/msg/detail/dds_fastrtps/lslidar_difop__type_support.cpp.o\x1b[0m\n'}
[14.389780] (-) TimerEvent: {}
[14.432677] (lslidar_msgs) StdoutLine: {'line': b'[ 35%] \x1b[32mBuilding CXX object CMakeFiles/lslidar_msgs__rosidl_typesupport_fastrtps_c.dir/rosidl_typesupport_fastrtps_c/lslidar_msgs/msg/detail/lslidar_difop__type_support_c.cpp.o\x1b[0m\n'}
[14.463395] (lslidar_msgs) StdoutLine: {'line': b'[ 36%] \x1b[32mBuilding C object CMakeFiles/lslidar_msgs__rosidl_typesupport_introspection_c.dir/rosidl_typesupport_introspection_c/lslidar_msgs/msg/detail/lslidar_difop__type_support.c.o\x1b[0m\n'}
[14.491111] (-) TimerEvent: {}
[14.591545] (-) TimerEvent: {}
[14.677847] (lslidar_msgs) StdoutLine: {'line': b'[ 37%] \x1b[32mBuilding C object CMakeFiles/lslidar_msgs__rosidl_typesupport_introspection_c.dir/rosidl_typesupport_introspection_c/lslidar_msgs/msg/detail/lslidar_packet__type_support.c.o\x1b[0m\n'}
[14.691672] (-) TimerEvent: {}
[14.794480] (-) TimerEvent: {}
[14.816657] (lslidar_msgs) StdoutLine: {'line': b'[ 39%] \x1b[32mBuilding CXX object CMakeFiles/lslidar_msgs__rosidl_typesupport_cpp.dir/rosidl_typesupport_cpp/lslidar_msgs/msg/lslidar_packet__type_support.cpp.o\x1b[0m\n'}
[14.822228] (lslidar_msgs) StdoutLine: {'line': b'[ 40%] \x1b[32mBuilding C object CMakeFiles/lslidar_msgs__rosidl_typesupport_introspection_c.dir/rosidl_typesupport_introspection_c/lslidar_msgs/msg/detail/lslidar_point__type_support.c.o\x1b[0m\n'}
[14.906824] (-) TimerEvent: {}
[15.016250] (-) TimerEvent: {}
[15.019873] (lslidar_msgs) StdoutLine: {'line': b'[ 41%] \x1b[32mBuilding C object CMakeFiles/lslidar_msgs__rosidl_typesupport_introspection_c.dir/rosidl_typesupport_introspection_c/lslidar_msgs/msg/detail/lslidar_scan__type_support.c.o\x1b[0m\n'}
[15.117401] (-) TimerEvent: {}
[15.218812] (-) TimerEvent: {}
[15.257366] (lslidar_msgs) StdoutLine: {'line': b'[ 43%] \x1b[32mBuilding C object CMakeFiles/lslidar_msgs__rosidl_typesupport_introspection_c.dir/rosidl_typesupport_introspection_c/lslidar_msgs/msg/detail/lslidar_sweep__type_support.c.o\x1b[0m\n'}
[15.319146] (-) TimerEvent: {}
[15.419631] (-) TimerEvent: {}
[15.502312] (lslidar_msgs) StdoutLine: {'line': b'[ 44%] \x1b[32m\x1b[1mLinking C shared library liblslidar_msgs__rosidl_typesupport_introspection_c.so\x1b[0m\n'}
[15.519764] (-) TimerEvent: {}
[15.622172] (-) TimerEvent: {}
[15.651341] (lslidar_msgs) StdoutLine: {'line': b'[ 44%] Built target lslidar_msgs__rosidl_typesupport_introspection_c\n'}
[15.676071] (lslidar_msgs) StdoutLine: {'line': b'[ 45%] \x1b[34m\x1b[1mGenerating C type support dispatch for ROS interfaces\x1b[0m\n'}
[15.692138] (lslidar_msgs) StdoutLine: {'line': b'[ 47%] \x1b[32mBuilding CXX object CMakeFiles/lslidar_msgs__rosidl_typesupport_cpp.dir/rosidl_typesupport_cpp/lslidar_msgs/msg/lslidar_point__type_support.cpp.o\x1b[0m\n'}
[15.722287] (-) TimerEvent: {}
[15.823743] (-) TimerEvent: {}
[15.895309] (lslidar_msgs) StdoutLine: {'line': b'[ 48%] \x1b[32mBuilding CXX object CMakeFiles/lslidar_msgs__rosidl_typesupport_fastrtps_c.dir/rosidl_typesupport_fastrtps_c/lslidar_msgs/msg/detail/lslidar_packet__type_support_c.cpp.o\x1b[0m\n'}
[15.925140] (-) TimerEvent: {}
[16.025720] (-) TimerEvent: {}
[16.127277] (-) TimerEvent: {}
[16.228241] (-) TimerEvent: {}
[16.231449] (lslidar_msgs) StdoutLine: {'line': b'[ 50%] \x1b[32mBuilding CXX object CMakeFiles/lslidar_msgs__rosidl_typesupport_fastrtps_cpp.dir/rosidl_typesupport_fastrtps_cpp/lslidar_msgs/msg/detail/dds_fastrtps/lslidar_packet__type_support.cpp.o\x1b[0m\n'}
[16.331105] (-) TimerEvent: {}
[16.431521] (-) TimerEvent: {}
[16.501096] (lslidar_msgs) StdoutLine: {'line': b'[ 51%] \x1b[32mBuilding CXX object CMakeFiles/lslidar_msgs__rosidl_typesupport_cpp.dir/rosidl_typesupport_cpp/lslidar_msgs/msg/lslidar_scan__type_support.cpp.o\x1b[0m\n'}
[16.531645] (-) TimerEvent: {}
[16.632111] (-) TimerEvent: {}
[16.732587] (-) TimerEvent: {}
[16.770893] (lslidar_msgs) StdoutLine: {'line': b'[ 52%] \x1b[32mBuilding CXX object CMakeFiles/lslidar_msgs__rosidl_typesupport_c.dir/rosidl_typesupport_c/lslidar_msgs/msg/lslidar_difop__type_support.cpp.o\x1b[0m\n'}
[16.834438] (-) TimerEvent: {}
[16.934941] (-) TimerEvent: {}
[17.008162] (lslidar_msgs) StdoutLine: {'line': b'[ 54%] \x1b[32mBuilding CXX object CMakeFiles/lslidar_msgs__rosidl_typesupport_c.dir/rosidl_typesupport_c/lslidar_msgs/msg/lslidar_packet__type_support.cpp.o\x1b[0m\n'}
[17.035097] (-) TimerEvent: {}
[17.116893] (lslidar_msgs) StdoutLine: {'line': b'[ 55%] \x1b[32mBuilding CXX object CMakeFiles/lslidar_msgs__rosidl_typesupport_c.dir/rosidl_typesupport_c/lslidar_msgs/msg/lslidar_point__type_support.cpp.o\x1b[0m\n'}
[17.138277] (-) TimerEvent: {}
[17.238894] (-) TimerEvent: {}
[17.277216] (lslidar_msgs) StdoutLine: {'line': b'[ 56%] \x1b[32mBuilding CXX object CMakeFiles/lslidar_msgs__rosidl_typesupport_fastrtps_c.dir/rosidl_typesupport_fastrtps_c/lslidar_msgs/msg/detail/lslidar_point__type_support_c.cpp.o\x1b[0m\n'}
[17.282459] (lslidar_msgs) StdoutLine: {'line': b'[ 58%] \x1b[32mBuilding CXX object CMakeFiles/lslidar_msgs__rosidl_typesupport_c.dir/rosidl_typesupport_c/lslidar_msgs/msg/lslidar_scan__type_support.cpp.o\x1b[0m\n'}
[17.339288] (-) TimerEvent: {}
[17.410356] (lslidar_msgs) StdoutLine: {'line': b'[ 59%] \x1b[32mBuilding CXX object CMakeFiles/lslidar_msgs__rosidl_typesupport_c.dir/rosidl_typesupport_c/lslidar_msgs/msg/lslidar_sweep__type_support.cpp.o\x1b[0m\n'}
[17.423407] (lslidar_msgs) StdoutLine: {'line': b'[ 60%] \x1b[32mBuilding CXX object CMakeFiles/lslidar_msgs__rosidl_typesupport_cpp.dir/rosidl_typesupport_cpp/lslidar_msgs/msg/lslidar_sweep__type_support.cpp.o\x1b[0m\n'}
[17.439419] (-) TimerEvent: {}
[17.545917] (-) TimerEvent: {}
[17.565256] (lslidar_msgs) StdoutLine: {'line': b'[ 62%] \x1b[32m\x1b[1mLinking CXX shared library liblslidar_msgs__rosidl_typesupport_c.so\x1b[0m\n'}
[17.647523] (-) TimerEvent: {}
[17.751468] (-) TimerEvent: {}
[17.792420] (lslidar_msgs) StdoutLine: {'line': b'[ 62%] Built target lslidar_msgs__rosidl_typesupport_c\n'}
[17.846854] (lslidar_msgs) StdoutLine: {'line': b'[ 63%] \x1b[34m\x1b[1mGenerating C++ introspection for ROS interfaces\x1b[0m\n'}
[17.851622] (-) TimerEvent: {}
[17.944868] (lslidar_msgs) StdoutLine: {'line': b'[ 64%] \x1b[32mBuilding CXX object CMakeFiles/lslidar_msgs__rosidl_typesupport_fastrtps_cpp.dir/rosidl_typesupport_fastrtps_cpp/lslidar_msgs/msg/detail/dds_fastrtps/lslidar_point__type_support.cpp.o\x1b[0m\n'}
[17.951755] (-) TimerEvent: {}
[18.056391] (-) TimerEvent: {}
[18.156962] (-) TimerEvent: {}
[18.259525] (-) TimerEvent: {}
[18.319212] (lslidar_msgs) StdoutLine: {'line': b'[ 66%] \x1b[32m\x1b[1mLinking CXX shared library liblslidar_msgs__rosidl_typesupport_cpp.so\x1b[0m\n'}
[18.359654] (-) TimerEvent: {}
[18.481650] (-) TimerEvent: {}
[18.538968] (lslidar_msgs) StdoutLine: {'line': b'[ 66%] Built target lslidar_msgs__rosidl_typesupport_cpp\n'}
[18.574451] (lslidar_msgs) StdoutLine: {'line': b'[ 67%] \x1b[32mBuilding CXX object CMakeFiles/lslidar_msgs__rosidl_typesupport_fastrtps_c.dir/rosidl_typesupport_fastrtps_c/lslidar_msgs/msg/detail/lslidar_scan__type_support_c.cpp.o\x1b[0m\n'}
[18.579191] (lslidar_msgs) StdoutLine: {'line': b'[ 68%] \x1b[32mBuilding CXX object CMakeFiles/lslidar_msgs__rosidl_typesupport_fastrtps_cpp.dir/rosidl_typesupport_fastrtps_cpp/lslidar_msgs/msg/detail/dds_fastrtps/lslidar_scan__type_support.cpp.o\x1b[0m\n'}
[18.581769] (-) TimerEvent: {}
[18.682213] (-) TimerEvent: {}
[18.782622] (-) TimerEvent: {}
[18.883073] (-) TimerEvent: {}
[18.983928] (-) TimerEvent: {}
[19.072125] (lslidar_msgs) StdoutLine: {'line': b'[ 70%] \x1b[32mBuilding CXX object CMakeFiles/lslidar_msgs__rosidl_typesupport_fastrtps_cpp.dir/rosidl_typesupport_fastrtps_cpp/lslidar_msgs/msg/detail/dds_fastrtps/lslidar_sweep__type_support.cpp.o\x1b[0m\n'}
[19.084103] (-) TimerEvent: {}
[19.184603] (-) TimerEvent: {}
[19.287690] (-) TimerEvent: {}
[19.295123] (lslidar_msgs) StdoutLine: {'line': b'[ 71%] \x1b[32mBuilding CXX object CMakeFiles/lslidar_msgs__rosidl_typesupport_introspection_cpp.dir/rosidl_typesupport_introspection_cpp/lslidar_msgs/msg/detail/lslidar_difop__type_support.cpp.o\x1b[0m\n'}
[19.390095] (-) TimerEvent: {}
[19.490513] (-) TimerEvent: {}
[19.590956] (-) TimerEvent: {}
[19.694111] (-) TimerEvent: {}
[19.725509] (lslidar_msgs) StdoutLine: {'line': b'[ 72%] \x1b[32mBuilding CXX object CMakeFiles/lslidar_msgs__rosidl_typesupport_fastrtps_c.dir/rosidl_typesupport_fastrtps_c/lslidar_msgs/msg/detail/lslidar_sweep__type_support_c.cpp.o\x1b[0m\n'}
[19.794245] (-) TimerEvent: {}
[19.898129] (-) TimerEvent: {}
[19.998642] (-) TimerEvent: {}
[20.088128] (lslidar_msgs) StdoutLine: {'line': b'[ 74%] \x1b[32mBuilding CXX object CMakeFiles/lslidar_msgs__rosidl_typesupport_introspection_cpp.dir/rosidl_typesupport_introspection_cpp/lslidar_msgs/msg/detail/lslidar_packet__type_support.cpp.o\x1b[0m\n'}
[20.098784] (-) TimerEvent: {}
[20.201101] (-) TimerEvent: {}
[20.305152] (-) TimerEvent: {}
[20.355664] (lslidar_msgs) StdoutLine: {'line': b'[ 75%] \x1b[32mBuilding CXX object CMakeFiles/lslidar_msgs__rosidl_typesupport_introspection_cpp.dir/rosidl_typesupport_introspection_cpp/lslidar_msgs/msg/detail/lslidar_point__type_support.cpp.o\x1b[0m\n'}
[20.405280] (-) TimerEvent: {}
[20.506296] (-) TimerEvent: {}
[20.609343] (-) TimerEvent: {}
[20.610407] (lslidar_msgs) StdoutLine: {'line': b'[ 77%] \x1b[32m\x1b[1mLinking CXX shared library liblslidar_msgs__rosidl_typesupport_fastrtps_cpp.so\x1b[0m\n'}
[20.712114] (-) TimerEvent: {}
[20.812635] (-) TimerEvent: {}
[20.915108] (-) TimerEvent: {}
[21.015603] (-) TimerEvent: {}
[21.069139] (lslidar_msgs) StdoutLine: {'line': b'[ 77%] Built target lslidar_msgs__rosidl_typesupport_fastrtps_cpp\n'}
[21.114540] (lslidar_msgs) StdoutLine: {'line': b'[ 78%] \x1b[32mBuilding CXX object CMakeFiles/lslidar_msgs__rosidl_typesupport_introspection_cpp.dir/rosidl_typesupport_introspection_cpp/lslidar_msgs/msg/detail/lslidar_scan__type_support.cpp.o\x1b[0m\n'}
[21.117154] (-) TimerEvent: {}
[21.186188] (lslidar_msgs) StdoutLine: {'line': b'[ 79%] \x1b[32m\x1b[1mLinking CXX shared library liblslidar_msgs__rosidl_typesupport_fastrtps_c.so\x1b[0m\n'}
[21.217283] (-) TimerEvent: {}
[21.311123] (lslidar_msgs) StdoutLine: {'line': b'[ 81%] \x1b[32mBuilding CXX object CMakeFiles/lslidar_msgs__rosidl_typesupport_introspection_cpp.dir/rosidl_typesupport_introspection_cpp/lslidar_msgs/msg/detail/lslidar_sweep__type_support.cpp.o\x1b[0m\n'}
[21.323124] (-) TimerEvent: {}
[21.372354] (lslidar_msgs) StdoutLine: {'line': b'[ 81%] Built target lslidar_msgs__rosidl_typesupport_fastrtps_c\n'}
[21.423246] (-) TimerEvent: {}
[21.523715] (-) TimerEvent: {}
[21.624237] (-) TimerEvent: {}
[21.724619] (-) TimerEvent: {}
[21.827141] (-) TimerEvent: {}
[21.928098] (-) TimerEvent: {}
[22.028482] (-) TimerEvent: {}
[22.031865] (lslidar_msgs) StdoutLine: {'line': b'[ 82%] \x1b[32m\x1b[1mLinking CXX shared library liblslidar_msgs__rosidl_typesupport_introspection_cpp.so\x1b[0m\n'}
[22.128790] (-) TimerEvent: {}
[22.229801] (-) TimerEvent: {}
[22.242169] (lslidar_msgs) StdoutLine: {'line': b'[ 82%] Built target lslidar_msgs__rosidl_typesupport_introspection_cpp\n'}
[22.283219] (lslidar_msgs) StdoutLine: {'line': b'[ 82%] Built target lslidar_msgs\n'}
[22.325055] (lslidar_msgs) StdoutLine: {'line': b'[ 83%] \x1b[34m\x1b[1mGenerating Python code for ROS interfaces\x1b[0m\n'}
[22.329941] (-) TimerEvent: {}
[22.430348] (-) TimerEvent: {}
[22.530732] (-) TimerEvent: {}
[22.631090] (-) TimerEvent: {}
[22.731449] (-) TimerEvent: {}
[22.831797] (-) TimerEvent: {}
[22.933116] (-) TimerEvent: {}
[23.033874] (-) TimerEvent: {}
[23.134292] (-) TimerEvent: {}
[23.234695] (-) TimerEvent: {}
[23.335062] (-) TimerEvent: {}
[23.435402] (-) TimerEvent: {}
[23.535851] (-) TimerEvent: {}
[23.575391] (lslidar_msgs) StdoutLine: {'line': b'[ 83%] Built target lslidar_msgs__py\n'}
[23.618322] (lslidar_msgs) StdoutLine: {'line': b'[ 86%] \x1b[32mBuilding C object CMakeFiles/lslidar_msgs__rosidl_generator_py.dir/rosidl_generator_py/lslidar_msgs/msg/_lslidar_packet_s.c.o\x1b[0m\n'}
[23.620133] (lslidar_msgs) StdoutLine: {'line': b'[ 86%] \x1b[32mBuilding C object CMakeFiles/lslidar_msgs__rosidl_generator_py.dir/rosidl_generator_py/lslidar_msgs/msg/_lslidar_difop_s.c.o\x1b[0m\n'}
[23.623510] (lslidar_msgs) StdoutLine: {'line': b'[ 87%] \x1b[32mBuilding C object CMakeFiles/lslidar_msgs__rosidl_generator_py.dir/rosidl_generator_py/lslidar_msgs/msg/_lslidar_scan_s.c.o\x1b[0m\n'}
[23.632944] (lslidar_msgs) StdoutLine: {'line': b'[ 89%] \x1b[32mBuilding C object CMakeFiles/lslidar_msgs__rosidl_generator_py.dir/rosidl_generator_py/lslidar_msgs/msg/_lslidar_point_s.c.o\x1b[0m\n'}
[23.637448] (-) TimerEvent: {}
[23.737933] (-) TimerEvent: {}
[23.838389] (-) TimerEvent: {}
[23.939481] (-) TimerEvent: {}
[24.044108] (-) TimerEvent: {}
[24.051859] (lslidar_msgs) StdoutLine: {'line': b'[ 90%] \x1b[32mBuilding C object CMakeFiles/lslidar_msgs__rosidl_generator_py.dir/rosidl_generator_py/lslidar_msgs/msg/_lslidar_sweep_s.c.o\x1b[0m\n'}
[24.144246] (-) TimerEvent: {}
[24.244739] (-) TimerEvent: {}
[24.298809] (lslidar_msgs) StdoutLine: {'line': b'[ 91%] \x1b[32m\x1b[1mLinking C shared library liblslidar_msgs__rosidl_generator_py.so\x1b[0m\n'}
[24.345071] (-) TimerEvent: {}
[24.433773] (lslidar_msgs) StdoutLine: {'line': b'[ 91%] Built target lslidar_msgs__rosidl_generator_py\n'}
[24.446196] (-) TimerEvent: {}
[24.486746] (lslidar_msgs) StdoutLine: {'line': b'[ 93%] \x1b[32mBuilding C object CMakeFiles/lslidar_msgs_s__rosidl_typesupport_c.dir/rosidl_generator_py/lslidar_msgs/_lslidar_msgs_s.ep.rosidl_typesupport_c.c.o\x1b[0m\n'}
[24.487221] (lslidar_msgs) StdoutLine: {'line': b'[ 94%] \x1b[32mBuilding C object CMakeFiles/lslidar_msgs_s__rosidl_typesupport_introspection_c.dir/rosidl_generator_py/lslidar_msgs/_lslidar_msgs_s.ep.rosidl_typesupport_introspection_c.c.o\x1b[0m\n'}
[24.496138] (lslidar_msgs) StdoutLine: {'line': b'[ 95%] \x1b[32mBuilding C object CMakeFiles/lslidar_msgs_s__rosidl_typesupport_fastrtps_c.dir/rosidl_generator_py/lslidar_msgs/_lslidar_msgs_s.ep.rosidl_typesupport_fastrtps_c.c.o\x1b[0m\n'}
[24.548108] (-) TimerEvent: {}
[24.648525] (-) TimerEvent: {}
[24.731267] (lslidar_msgs) StdoutLine: {'line': b'[ 97%] \x1b[32m\x1b[1mLinking C shared module rosidl_generator_py/lslidar_msgs/lslidar_msgs_s__rosidl_typesupport_c.so\x1b[0m\n'}
[24.744361] (lslidar_msgs) StdoutLine: {'line': b'[ 98%] \x1b[32m\x1b[1mLinking C shared module rosidl_generator_py/lslidar_msgs/lslidar_msgs_s__rosidl_typesupport_introspection_c.so\x1b[0m\n'}
[24.750139] (-) TimerEvent: {}
[24.755949] (lslidar_msgs) StdoutLine: {'line': b'[100%] \x1b[32m\x1b[1mLinking C shared module rosidl_generator_py/lslidar_msgs/lslidar_msgs_s__rosidl_typesupport_fastrtps_c.so\x1b[0m\n'}
[24.816488] (lslidar_msgs) StdoutLine: {'line': b'[100%] Built target lslidar_msgs_s__rosidl_typesupport_c\n'}
[24.827116] (lslidar_msgs) StdoutLine: {'line': b'[100%] Built target lslidar_msgs_s__rosidl_typesupport_fastrtps_c\n'}
[24.850269] (-) TimerEvent: {}
[24.852458] (lslidar_msgs) StdoutLine: {'line': b'[100%] Built target lslidar_msgs_s__rosidl_typesupport_introspection_c\n'}
[24.913916] (lslidar_msgs) CommandEnded: {'returncode': 0}
[24.916310] (lslidar_msgs) JobProgress: {'identifier': 'lslidar_msgs', 'progress': 'install'}
[24.916407] (lslidar_msgs) Command: {'cmd': ['/usr/bin/cmake', '--install', '/home/pi/Desktop/robot_move/build/lslidar_msgs'], 'cwd': '/home/pi/Desktop/robot_move/build/lslidar_msgs', 'env': OrderedDict({'USER': 'pi', 'SSH_CLIENT': '172.20.0.79 61948 22', 'XDG_SESSION_TYPE': 'tty', 'GIT_ASKPASS': '/home/pi/.vscode-server/cli/servers/Stable-8761a5560cfd65fdd19ce7e2bd18dab5c0a4d84e/server/extensions/git/dist/askpass.sh', 'SHLVL': '1', 'LD_LIBRARY_PATH': '/home/pi/Desktop/robot_move/my_base_learn/install/lslidar_msgs/lib:/opt/ros/jazzy/opt/rviz_ogre_vendor/lib:/opt/ros/jazzy/lib/aarch64-linux-gnu:/opt/ros/jazzy/opt/gz_math_vendor/lib:/opt/ros/jazzy/opt/gz_utils_vendor/lib:/opt/ros/jazzy/opt/gz_cmake_vendor/lib:/opt/ros/jazzy/lib', 'BROWSER': '/home/pi/.vscode-server/cli/servers/Stable-8761a5560cfd65fdd19ce7e2bd18dab5c0a4d84e/server/bin/helpers/browser.sh', 'HOME': '/home/pi', 'OLDPWD': '/home/pi/.vscode-server', 'TERM_PROGRAM_VERSION': '1.122.1', 'VSCODE_IPC_HOOK_CLI': '/run/user/1002/vscode-ipc-804e5c9b-6341-4a90-9e9c-12e77a891ac8.sock', 'ROS_PYTHON_VERSION': '3', 'VSCODE_GIT_ASKPASS_MAIN': '/home/pi/.vscode-server/cli/servers/Stable-8761a5560cfd65fdd19ce7e2bd18dab5c0a4d84e/server/extensions/git/dist/askpass-main.js', 'VSCODE_GIT_ASKPASS_NODE': '/home/pi/.vscode-server/cli/servers/Stable-8761a5560cfd65fdd19ce7e2bd18dab5c0a4d84e/server/node', 'VSCODE_PYTHON_AUTOACTIVATE_GUARD': '1', 'DBUS_SESSION_BUS_ADDRESS': 'unix:path=/run/user/1002/bus', 'COLORTERM': 'truecolor', 'DEBUGINFOD_URLS': 'https://debuginfod.ubuntu.com', 'COLCON_PREFIX_PATH': '/home/pi/Desktop/robot_move/my_base_learn/install', 'ROS_DISTRO': 'jazzy', 'LOGNAME': 'pi', '_': '/usr/bin/colcon', 'ROS_VERSION': '2', 'XDG_SESSION_CLASS': 'user', 'TERM': 'xterm-256color', 'XDG_SESSION_ID': '4', 'PATH': '/home/pi/.vscode-server/cli/servers/Stable-8761a5560cfd65fdd19ce7e2bd18dab5c0a4d84e/server/bin/remote-cli:/opt/ros/jazzy/bin:/usr/local/sbin:/usr/local/bin:/usr/sbin:/usr/bin:/sbin:/bin:/usr/games:/usr/local/games:/snap/bin', 'XDG_RUNTIME_DIR': '/run/user/1002', 'LANG': 'en_US.UTF-8', 'VSCODE_GIT_IPC_HANDLE': '/run/user/1002/vscode-git-c742cdeaad.sock', 'TERM_PROGRAM': 'vscode', 'AMENT_PREFIX_PATH': '/home/pi/Desktop/robot_move/my_base_learn/install/tbot_description:/home/pi/Desktop/robot_move/my_base_learn/install/robot_control:/home/pi/Desktop/robot_move/my_base_learn/install/my_base:/home/pi/Desktop/robot_move/my_base_learn/install/lslidar_driver:/home/pi/Desktop/robot_move/my_base_learn/install/lslidar_msgs:/home/pi/Desktop/robot_move/my_base_learn/install/lidar_test:/opt/ros/jazzy', 'SHELL': '/bin/bash', 'ROS_AUTOMATIC_DISCOVERY_RANGE': 'SUBNET', 'VSCODE_GIT_ASKPASS_EXTRA_ARGS': '', 'PWD': '/home/pi/Desktop/robot_move/build/lslidar_msgs', 'LC_ALL': 'en_US.UTF-8', 'SSH_CONNECTION': '172.20.0.79 61948 172.20.1.242 22', 'XDG_DATA_DIRS': '/usr/share/gnome:/usr/local/share:/usr/share:/var/lib/snapd/desktop', 'PYTHONPATH': '/home/pi/Desktop/robot_move/my_base_learn/install/robot_control/lib/python3.12/site-packages:/home/pi/Desktop/robot_move/my_base_learn/install/lslidar_msgs/lib/python3.12/site-packages:/home/pi/Desktop/robot_move/my_base_learn/install/lidar_test/lib/python3.12/site-packages:/opt/ros/jazzy/lib/python3.12/site-packages', 'COLCON': '1', 'CMAKE_PREFIX_PATH': '/home/pi/Desktop/robot_move/my_base_learn/install/tbot_description:/home/pi/Desktop/robot_move/my_base_learn/install/my_base:/home/pi/Desktop/robot_move/my_base_learn/install/lslidar_driver:/home/pi/Desktop/robot_move/my_base_learn/install/lslidar_msgs:/opt/ros/jazzy/opt/gz_math_vendor:/opt/ros/jazzy/opt/gz_utils_vendor:/opt/ros/jazzy/opt/gz_cmake_vendor:/home/pi/Desktop/robot_move/my_base_learn/install/robot_control:/home/pi/Desktop/robot_move/my_base_learn/install/lidar_test:/opt/ros/jazzy'}), 'shell': False}
[24.935971] (lslidar_msgs) StdoutLine: {'line': b'-- Install configuration: ""\n'}
[24.938232] (lslidar_msgs) StdoutLine: {'line': b'-- Installing: /home/pi/Desktop/robot_move/install/lslidar_msgs/share/ament_index/resource_index/rosidl_interfaces/lslidar_msgs\n'}
[24.940604] (lslidar_msgs) StdoutLine: {'line': b'-- Installing: /home/pi/Desktop/robot_move/install/lslidar_msgs/share/lslidar_msgs/msg/LslidarDifop.json\n'}
[24.940911] (lslidar_msgs) StdoutLine: {'line': b'-- Installing: /home/pi/Desktop/robot_move/install/lslidar_msgs/share/lslidar_msgs/msg/LslidarPacket.json\n'}
[24.943298] (lslidar_msgs) StdoutLine: {'line': b'-- Installing: /home/pi/Desktop/robot_move/install/lslidar_msgs/share/lslidar_msgs/msg/LslidarPoint.json\n'}
[24.943519] (lslidar_msgs) StdoutLine: {'line': b'-- Installing: /home/pi/Desktop/robot_move/install/lslidar_msgs/share/lslidar_msgs/msg/LslidarScan.json\n'}
[24.943668] (lslidar_msgs) StdoutLine: {'line': b'-- Installing: /home/pi/Desktop/robot_move/install/lslidar_msgs/share/lslidar_msgs/msg/LslidarSweep.json\n'}
[24.943803] (lslidar_msgs) StdoutLine: {'line': b'-- Installing: /home/pi/Desktop/robot_move/install/lslidar_msgs/include/lslidar_msgs/lslidar_msgs\n'}
[24.943954] (lslidar_msgs) StdoutLine: {'line': b'-- Installing: /home/pi/Desktop/robot_move/install/lslidar_msgs/include/lslidar_msgs/lslidar_msgs/msg\n'}
[24.944143] (lslidar_msgs) StdoutLine: {'line': b'-- Installing: /home/pi/Desktop/robot_move/install/lslidar_msgs/include/lslidar_msgs/lslidar_msgs/msg/lslidar_point.h\n'}
[24.947958] (lslidar_msgs) StdoutLine: {'line': b'-- Installing: /home/pi/Desktop/robot_move/install/lslidar_msgs/include/lslidar_msgs/lslidar_msgs/msg/lslidar_difop.h\n'}
[24.948690] (lslidar_msgs) StdoutLine: {'line': b'-- Installing: /home/pi/Desktop/robot_move/install/lslidar_msgs/include/lslidar_msgs/lslidar_msgs/msg/detail\n'}
[24.949130] (lslidar_msgs) StdoutLine: {'line': b'-- Installing: /home/pi/Desktop/robot_move/install/lslidar_msgs/include/lslidar_msgs/lslidar_msgs/msg/detail/lslidar_point__description.c\n'}
[24.949344] (lslidar_msgs) StdoutLine: {'line': b'-- Installing: /home/pi/Desktop/robot_move/install/lslidar_msgs/include/lslidar_msgs/lslidar_msgs/msg/detail/lslidar_point__functions.c\n'}
[24.949503] (lslidar_msgs) StdoutLine: {'line': b'-- Installing: /home/pi/Desktop/robot_move/install/lslidar_msgs/include/lslidar_msgs/lslidar_msgs/msg/detail/lslidar_sweep__type_support.h\n'}
[24.949697] (lslidar_msgs) StdoutLine: {'line': b'-- Installing: /home/pi/Desktop/robot_move/install/lslidar_msgs/include/lslidar_msgs/lslidar_msgs/msg/detail/lslidar_difop__description.c\n'}
[24.949833] (lslidar_msgs) StdoutLine: {'line': b'-- Installing: /home/pi/Desktop/robot_move/install/lslidar_msgs/include/lslidar_msgs/lslidar_msgs/msg/detail/lslidar_scan__type_support.c\n'}
[24.950889] (lslidar_msgs) StdoutLine: {'line': b'-- Installing: /home/pi/Desktop/robot_move/install/lslidar_msgs/include/lslidar_msgs/lslidar_msgs/msg/detail/lslidar_difop__type_support.h\n'}
[24.951509] (-) TimerEvent: {}
[24.951779] (lslidar_msgs) StdoutLine: {'line': b'-- Installing: /home/pi/Desktop/robot_move/install/lslidar_msgs/include/lslidar_msgs/lslidar_msgs/msg/detail/lslidar_scan__type_support.h\n'}
[24.951990] (lslidar_msgs) StdoutLine: {'line': b'-- Installing: /home/pi/Desktop/robot_move/install/lslidar_msgs/include/lslidar_msgs/lslidar_msgs/msg/detail/lslidar_packet__functions.h\n'}
[24.952189] (lslidar_msgs) StdoutLine: {'line': b'-- Installing: /home/pi/Desktop/robot_move/install/lslidar_msgs/include/lslidar_msgs/lslidar_msgs/msg/detail/lslidar_difop__functions.h\n'}
[24.952348] (lslidar_msgs) StdoutLine: {'line': b'-- Installing: /home/pi/Desktop/robot_move/install/lslidar_msgs/include/lslidar_msgs/lslidar_msgs/msg/detail/lslidar_packet__struct.h\n'}
[24.952475] (lslidar_msgs) StdoutLine: {'line': b'-- Installing: /home/pi/Desktop/robot_move/install/lslidar_msgs/include/lslidar_msgs/lslidar_msgs/msg/detail/lslidar_packet__type_support.c\n'}
[24.952581] (lslidar_msgs) StdoutLine: {'line': b'-- Installing: /home/pi/Desktop/robot_move/install/lslidar_msgs/include/lslidar_msgs/lslidar_msgs/msg/detail/lslidar_scan__description.c\n'}
[24.952682] (lslidar_msgs) StdoutLine: {'line': b'-- Installing: /home/pi/Desktop/robot_move/install/lslidar_msgs/include/lslidar_msgs/lslidar_msgs/msg/detail/lslidar_point__functions.h\n'}
[24.952797] (lslidar_msgs) StdoutLine: {'line': b'-- Installing: /home/pi/Desktop/robot_move/install/lslidar_msgs/include/lslidar_msgs/lslidar_msgs/msg/detail/lslidar_scan__struct.h\n'}
[24.952907] (lslidar_msgs) StdoutLine: {'line': b'-- Installing: /home/pi/Desktop/robot_move/install/lslidar_msgs/include/lslidar_msgs/lslidar_msgs/msg/detail/lslidar_point__type_support.c\n'}
[24.953068] (lslidar_msgs) StdoutLine: {'line': b'-- Installing: /home/pi/Desktop/robot_move/install/lslidar_msgs/include/lslidar_msgs/lslidar_msgs/msg/detail/lslidar_packet__type_support.h\n'}
[24.953237] (lslidar_msgs) StdoutLine: {'line': b'-- Installing: /home/pi/Desktop/robot_move/install/lslidar_msgs/include/lslidar_msgs/lslidar_msgs/msg/detail/lslidar_sweep__struct.h\n'}
[24.953379] (lslidar_msgs) StdoutLine: {'line': b'-- Installing: /home/pi/Desktop/robot_move/install/lslidar_msgs/include/lslidar_msgs/lslidar_msgs/msg/detail/lslidar_difop__functions.c\n'}
[24.953515] (lslidar_msgs) StdoutLine: {'line': b'-- Installing: /home/pi/Desktop/robot_move/install/lslidar_msgs/include/lslidar_msgs/lslidar_msgs/msg/detail/lslidar_packet__functions.c\n'}
[24.953645] (lslidar_msgs) StdoutLine: {'line': b'-- Installing: /home/pi/Desktop/robot_move/install/lslidar_msgs/include/lslidar_msgs/lslidar_msgs/msg/detail/lslidar_scan__functions.c\n'}
[24.953775] (lslidar_msgs) StdoutLine: {'line': b'-- Installing: /home/pi/Desktop/robot_move/install/lslidar_msgs/include/lslidar_msgs/lslidar_msgs/msg/detail/lslidar_scan__functions.h\n'}
[24.953902] (lslidar_msgs) StdoutLine: {'line': b'-- Installing: /home/pi/Desktop/robot_move/install/lslidar_msgs/include/lslidar_msgs/lslidar_msgs/msg/detail/lslidar_point__struct.h\n'}
[24.954423] (lslidar_msgs) StdoutLine: {'line': b'-- Installing: /home/pi/Desktop/robot_move/install/lslidar_msgs/include/lslidar_msgs/lslidar_msgs/msg/detail/lslidar_difop__type_support.c\n'}
[24.954667] (lslidar_msgs) StdoutLine: {'line': b'-- Installing: /home/pi/Desktop/robot_move/install/lslidar_msgs/include/lslidar_msgs/lslidar_msgs/msg/detail/lslidar_sweep__functions.h\n'}
[24.957487] (lslidar_msgs) StdoutLine: {'line': b'-- Installing: /home/pi/Desktop/robot_move/install/lslidar_msgs/include/lslidar_msgs/lslidar_msgs/msg/detail/lslidar_sweep__type_support.c\n'}
[24.957716] (lslidar_msgs) StdoutLine: {'line': b'-- Installing: /home/pi/Desktop/robot_move/install/lslidar_msgs/include/lslidar_msgs/lslidar_msgs/msg/detail/lslidar_point__type_support.h\n'}
[24.957975] (lslidar_msgs) StdoutLine: {'line': b'-- Installing: /home/pi/Desktop/robot_move/install/lslidar_msgs/include/lslidar_msgs/lslidar_msgs/msg/detail/lslidar_sweep__functions.c\n'}
[24.958221] (lslidar_msgs) StdoutLine: {'line': b'-- Installing: /home/pi/Desktop/robot_move/install/lslidar_msgs/include/lslidar_msgs/lslidar_msgs/msg/detail/lslidar_sweep__description.c\n'}
[24.958409] (lslidar_msgs) StdoutLine: {'line': b'-- Installing: /home/pi/Desktop/robot_move/install/lslidar_msgs/include/lslidar_msgs/lslidar_msgs/msg/detail/lslidar_difop__struct.h\n'}
[24.958576] (lslidar_msgs) StdoutLine: {'line': b'-- Installing: /home/pi/Desktop/robot_move/install/lslidar_msgs/include/lslidar_msgs/lslidar_msgs/msg/detail/lslidar_packet__description.c\n'}
[24.958764] (lslidar_msgs) StdoutLine: {'line': b'-- Installing: /home/pi/Desktop/robot_move/install/lslidar_msgs/include/lslidar_msgs/lslidar_msgs/msg/lslidar_packet.h\n'}
[24.960939] (lslidar_msgs) StdoutLine: {'line': b'-- Installing: /home/pi/Desktop/robot_move/install/lslidar_msgs/include/lslidar_msgs/lslidar_msgs/msg/rosidl_generator_c__visibility_control.h\n'}
[24.964699] (lslidar_msgs) StdoutLine: {'line': b'-- Installing: /home/pi/Desktop/robot_move/install/lslidar_msgs/include/lslidar_msgs/lslidar_msgs/msg/lslidar_sweep.h\n'}
[24.964936] (lslidar_msgs) StdoutLine: {'line': b'-- Installing: /home/pi/Desktop/robot_move/install/lslidar_msgs/include/lslidar_msgs/lslidar_msgs/msg/lslidar_scan.h\n'}
[24.965255] (lslidar_msgs) StdoutLine: {'line': b'-- Installing: /home/pi/Desktop/robot_move/install/lslidar_msgs/share/lslidar_msgs/environment/library_path.sh\n'}
[24.965420] (lslidar_msgs) StdoutLine: {'line': b'-- Installing: /home/pi/Desktop/robot_move/install/lslidar_msgs/share/lslidar_msgs/environment/library_path.dsv\n'}
[24.965641] (lslidar_msgs) StdoutLine: {'line': b'-- Installing: /home/pi/Desktop/robot_move/install/lslidar_msgs/lib/liblslidar_msgs__rosidl_generator_c.so\n'}
[24.965845] (lslidar_msgs) StdoutLine: {'line': b'-- Set non-toolchain portion of runtime path of "/home/pi/Desktop/robot_move/install/lslidar_msgs/lib/liblslidar_msgs__rosidl_generator_c.so" to ""\n'}
[24.965995] (lslidar_msgs) StdoutLine: {'line': b'-- Up-to-date: /home/pi/Desktop/robot_move/install/lslidar_msgs/include/lslidar_msgs/lslidar_msgs\n'}
[24.966163] (lslidar_msgs) StdoutLine: {'line': b'-- Up-to-date: /home/pi/Desktop/robot_move/install/lslidar_msgs/include/lslidar_msgs/lslidar_msgs/msg\n'}
[24.966295] (lslidar_msgs) StdoutLine: {'line': b'-- Installing: /home/pi/Desktop/robot_move/install/lslidar_msgs/include/lslidar_msgs/lslidar_msgs/msg/rosidl_typesupport_fastrtps_c__visibility_control.h\n'}
[24.966449] (lslidar_msgs) StdoutLine: {'line': b'-- Up-to-date: /home/pi/Desktop/robot_move/install/lslidar_msgs/include/lslidar_msgs/lslidar_msgs/msg/detail\n'}
[24.966622] (lslidar_msgs) StdoutLine: {'line': b'-- Installing: /home/pi/Desktop/robot_move/install/lslidar_msgs/include/lslidar_msgs/lslidar_msgs/msg/detail/lslidar_packet__rosidl_typesupport_fastrtps_c.h\n'}
[24.966774] (lslidar_msgs) StdoutLine: {'line': b'-- Installing: /home/pi/Desktop/robot_move/install/lslidar_msgs/include/lslidar_msgs/lslidar_msgs/msg/detail/lslidar_difop__rosidl_typesupport_fastrtps_c.h\n'}
[24.969174] (lslidar_msgs) StdoutLine: {'line': b'-- Installing: /home/pi/Desktop/robot_move/install/lslidar_msgs/include/lslidar_msgs/lslidar_msgs/msg/detail/lslidar_sweep__rosidl_typesupport_fastrtps_c.h\n'}
[24.969547] (lslidar_msgs) StdoutLine: {'line': b'-- Installing: /home/pi/Desktop/robot_move/install/lslidar_msgs/include/lslidar_msgs/lslidar_msgs/msg/detail/lslidar_point__rosidl_typesupport_fastrtps_c.h\n'}
[24.969731] (lslidar_msgs) StdoutLine: {'line': b'-- Installing: /home/pi/Desktop/robot_move/install/lslidar_msgs/include/lslidar_msgs/lslidar_msgs/msg/detail/lslidar_scan__rosidl_typesupport_fastrtps_c.h\n'}
[24.969913] (lslidar_msgs) StdoutLine: {'line': b'-- Installing: /home/pi/Desktop/robot_move/install/lslidar_msgs/lib/liblslidar_msgs__rosidl_typesupport_fastrtps_c.so\n'}
[24.970118] (lslidar_msgs) StdoutLine: {'line': b'-- Set non-toolchain portion of runtime path of "/home/pi/Desktop/robot_move/install/lslidar_msgs/lib/liblslidar_msgs__rosidl_typesupport_fastrtps_c.so" to ""\n'}
[24.970394] (lslidar_msgs) StdoutLine: {'line': b'-- Up-to-date: /home/pi/Desktop/robot_move/install/lslidar_msgs/include/lslidar_msgs/lslidar_msgs\n'}
[24.970589] (lslidar_msgs) StdoutLine: {'line': b'-- Up-to-date: /home/pi/Desktop/robot_move/install/lslidar_msgs/include/lslidar_msgs/lslidar_msgs/msg\n'}
[24.970752] (lslidar_msgs) StdoutLine: {'line': b'-- Installing: /home/pi/Desktop/robot_move/install/lslidar_msgs/include/lslidar_msgs/lslidar_msgs/msg/lslidar_sweep.hpp\n'}
[24.970884] (lslidar_msgs) StdoutLine: {'line': b'-- Installing: /home/pi/Desktop/robot_move/install/lslidar_msgs/include/lslidar_msgs/lslidar_msgs/msg/lslidar_packet.hpp\n'}
[24.971048] (lslidar_msgs) StdoutLine: {'line': b'-- Installing: /home/pi/Desktop/robot_move/install/lslidar_msgs/include/lslidar_msgs/lslidar_msgs/msg/rosidl_generator_cpp__visibility_control.hpp\n'}
[24.971218] (lslidar_msgs) StdoutLine: {'line': b'-- Installing: /home/pi/Desktop/robot_move/install/lslidar_msgs/include/lslidar_msgs/lslidar_msgs/msg/lslidar_difop.hpp\n'}
[24.971348] (lslidar_msgs) StdoutLine: {'line': b'-- Up-to-date: /home/pi/Desktop/robot_move/install/lslidar_msgs/include/lslidar_msgs/lslidar_msgs/msg/detail\n'}
[24.971464] (lslidar_msgs) StdoutLine: {'line': b'-- Installing: /home/pi/Desktop/robot_move/install/lslidar_msgs/include/lslidar_msgs/lslidar_msgs/msg/detail/lslidar_sweep__struct.hpp\n'}
[24.971576] (lslidar_msgs) StdoutLine: {'line': b'-- Installing: /home/pi/Desktop/robot_move/install/lslidar_msgs/include/lslidar_msgs/lslidar_msgs/msg/detail/lslidar_packet__builder.hpp\n'}
[24.971679] (lslidar_msgs) StdoutLine: {'line': b'-- Installing: /home/pi/Desktop/robot_move/install/lslidar_msgs/include/lslidar_msgs/lslidar_msgs/msg/detail/lslidar_sweep__builder.hpp\n'}
[24.971796] (lslidar_msgs) StdoutLine: {'line': b'-- Installing: /home/pi/Desktop/robot_move/install/lslidar_msgs/include/lslidar_msgs/lslidar_msgs/msg/detail/lslidar_point__type_support.hpp\n'}
[24.972005] (lslidar_msgs) StdoutLine: {'line': b'-- Installing: /home/pi/Desktop/robot_move/install/lslidar_msgs/include/lslidar_msgs/lslidar_msgs/msg/detail/lslidar_difop__builder.hpp\n'}
[24.972213] (lslidar_msgs) StdoutLine: {'line': b'-- Installing: /home/pi/Desktop/robot_move/install/lslidar_msgs/include/lslidar_msgs/lslidar_msgs/msg/detail/lslidar_sweep__type_support.hpp\n'}
[24.972422] (lslidar_msgs) StdoutLine: {'line': b'-- Installing: /home/pi/Desktop/robot_move/install/lslidar_msgs/include/lslidar_msgs/lslidar_msgs/msg/detail/lslidar_scan__struct.hpp\n'}
[24.972555] (lslidar_msgs) StdoutLine: {'line': b'-- Installing: /home/pi/Desktop/robot_move/install/lslidar_msgs/include/lslidar_msgs/lslidar_msgs/msg/detail/lslidar_difop__traits.hpp\n'}
[24.972679] (lslidar_msgs) StdoutLine: {'line': b'-- Installing: /home/pi/Desktop/robot_move/install/lslidar_msgs/include/lslidar_msgs/lslidar_msgs/msg/detail/lslidar_difop__type_support.hpp\n'}
[24.972807] (lslidar_msgs) StdoutLine: {'line': b'-- Installing: /home/pi/Desktop/robot_move/install/lslidar_msgs/include/lslidar_msgs/lslidar_msgs/msg/detail/lslidar_difop__struct.hpp\n'}
[24.972989] (lslidar_msgs) StdoutLine: {'line': b'-- Installing: /home/pi/Desktop/robot_move/install/lslidar_msgs/include/lslidar_msgs/lslidar_msgs/msg/detail/lslidar_point__traits.hpp\n'}
[24.973269] (lslidar_msgs) StdoutLine: {'line': b'-- Installing: /home/pi/Desktop/robot_move/install/lslidar_msgs/include/lslidar_msgs/lslidar_msgs/msg/detail/lslidar_point__builder.hpp\n'}
[24.973426] (lslidar_msgs) StdoutLine: {'line': b'-- Installing: /home/pi/Desktop/robot_move/install/lslidar_msgs/include/lslidar_msgs/lslidar_msgs/msg/detail/lslidar_packet__type_support.hpp\n'}
[24.973598] (lslidar_msgs) StdoutLine: {'line': b'-- Installing: /home/pi/Desktop/robot_move/install/lslidar_msgs/include/lslidar_msgs/lslidar_msgs/msg/detail/lslidar_scan__traits.hpp\n'}
[24.973753] (lslidar_msgs) StdoutLine: {'line': b'-- Installing: /home/pi/Desktop/robot_move/install/lslidar_msgs/include/lslidar_msgs/lslidar_msgs/msg/detail/lslidar_packet__traits.hpp\n'}
[24.973877] (lslidar_msgs) StdoutLine: {'line': b'-- Installing: /home/pi/Desktop/robot_move/install/lslidar_msgs/include/lslidar_msgs/lslidar_msgs/msg/detail/lslidar_scan__type_support.hpp\n'}
[24.973987] (lslidar_msgs) StdoutLine: {'line': b'-- Installing: /home/pi/Desktop/robot_move/install/lslidar_msgs/include/lslidar_msgs/lslidar_msgs/msg/detail/lslidar_scan__builder.hpp\n'}
[24.974230] (lslidar_msgs) StdoutLine: {'line': b'-- Installing: /home/pi/Desktop/robot_move/install/lslidar_msgs/include/lslidar_msgs/lslidar_msgs/msg/detail/lslidar_point__struct.hpp\n'}
[24.974388] (lslidar_msgs) StdoutLine: {'line': b'-- Installing: /home/pi/Desktop/robot_move/install/lslidar_msgs/include/lslidar_msgs/lslidar_msgs/msg/detail/lslidar_sweep__traits.hpp\n'}
[24.974570] (lslidar_msgs) StdoutLine: {'line': b'-- Installing: /home/pi/Desktop/robot_move/install/lslidar_msgs/include/lslidar_msgs/lslidar_msgs/msg/detail/lslidar_packet__struct.hpp\n'}
[24.974706] (lslidar_msgs) StdoutLine: {'line': b'-- Installing: /home/pi/Desktop/robot_move/install/lslidar_msgs/include/lslidar_msgs/lslidar_msgs/msg/lslidar_scan.hpp\n'}
[24.974841] (lslidar_msgs) StdoutLine: {'line': b'-- Installing: /home/pi/Desktop/robot_move/install/lslidar_msgs/include/lslidar_msgs/lslidar_msgs/msg/lslidar_point.hpp\n'}
[24.975068] (lslidar_msgs) StdoutLine: {'line': b'-- Up-to-date: /home/pi/Desktop/robot_move/install/lslidar_msgs/include/lslidar_msgs/lslidar_msgs\n'}
[24.975243] (lslidar_msgs) StdoutLine: {'line': b'-- Up-to-date: /home/pi/Desktop/robot_move/install/lslidar_msgs/include/lslidar_msgs/lslidar_msgs/msg\n'}
[24.975389] (lslidar_msgs) StdoutLine: {'line': b'-- Installing: /home/pi/Desktop/robot_move/install/lslidar_msgs/include/lslidar_msgs/lslidar_msgs/msg/rosidl_typesupport_fastrtps_cpp__visibility_control.h\n'}
[24.975615] (lslidar_msgs) StdoutLine: {'line': b'-- Up-to-date: /home/pi/Desktop/robot_move/install/lslidar_msgs/include/lslidar_msgs/lslidar_msgs/msg/detail\n'}
[24.975778] (lslidar_msgs) StdoutLine: {'line': b'-- Installing: /home/pi/Desktop/robot_move/install/lslidar_msgs/include/lslidar_msgs/lslidar_msgs/msg/detail/lslidar_scan__rosidl_typesupport_fastrtps_cpp.hpp\n'}
[24.975943] (lslidar_msgs) StdoutLine: {'line': b'-- Installing: /home/pi/Desktop/robot_move/install/lslidar_msgs/include/lslidar_msgs/lslidar_msgs/msg/detail/lslidar_packet__rosidl_typesupport_fastrtps_cpp.hpp\n'}
[24.976140] (lslidar_msgs) StdoutLine: {'line': b'-- Installing: /home/pi/Desktop/robot_move/install/lslidar_msgs/include/lslidar_msgs/lslidar_msgs/msg/detail/dds_fastrtps\n'}
[24.976338] (lslidar_msgs) StdoutLine: {'line': b'-- Installing: /home/pi/Desktop/robot_move/install/lslidar_msgs/include/lslidar_msgs/lslidar_msgs/msg/detail/lslidar_point__rosidl_typesupport_fastrtps_cpp.hpp\n'}
[24.976505] (lslidar_msgs) StdoutLine: {'line': b'-- Installing: /home/pi/Desktop/robot_move/install/lslidar_msgs/include/lslidar_msgs/lslidar_msgs/msg/detail/lslidar_difop__rosidl_typesupport_fastrtps_cpp.hpp\n'}
[24.976657] (lslidar_msgs) StdoutLine: {'line': b'-- Installing: /home/pi/Desktop/robot_move/install/lslidar_msgs/include/lslidar_msgs/lslidar_msgs/msg/detail/lslidar_sweep__rosidl_typesupport_fastrtps_cpp.hpp\n'}
[24.976775] (lslidar_msgs) StdoutLine: {'line': b'-- Installing: /home/pi/Desktop/robot_move/install/lslidar_msgs/lib/liblslidar_msgs__rosidl_typesupport_fastrtps_cpp.so\n'}
[24.976886] (lslidar_msgs) StdoutLine: {'line': b'-- Set non-toolchain portion of runtime path of "/home/pi/Desktop/robot_move/install/lslidar_msgs/lib/liblslidar_msgs__rosidl_typesupport_fastrtps_cpp.so" to ""\n'}
[24.977070] (lslidar_msgs) StdoutLine: {'line': b'-- Up-to-date: /home/pi/Desktop/robot_move/install/lslidar_msgs/include/lslidar_msgs/lslidar_msgs\n'}
[24.977292] (lslidar_msgs) StdoutLine: {'line': b'-- Up-to-date: /home/pi/Desktop/robot_move/install/lslidar_msgs/include/lslidar_msgs/lslidar_msgs/msg\n'}
[24.977435] (lslidar_msgs) StdoutLine: {'line': b'-- Installing: /home/pi/Desktop/robot_move/install/lslidar_msgs/include/lslidar_msgs/lslidar_msgs/msg/rosidl_typesupport_introspection_c__visibility_control.h\n'}
[24.977578] (lslidar_msgs) StdoutLine: {'line': b'-- Up-to-date: /home/pi/Desktop/robot_move/install/lslidar_msgs/include/lslidar_msgs/lslidar_msgs/msg/detail\n'}
[24.977738] (lslidar_msgs) StdoutLine: {'line': b'-- Installing: /home/pi/Desktop/robot_move/install/lslidar_msgs/include/lslidar_msgs/lslidar_msgs/msg/detail/lslidar_scan__type_support.c\n'}
[24.977880] (lslidar_msgs) StdoutLine: {'line': b'-- Installing: /home/pi/Desktop/robot_move/install/lslidar_msgs/include/lslidar_msgs/lslidar_msgs/msg/detail/lslidar_scan__rosidl_typesupport_introspection_c.h\n'}
[24.978091] (lslidar_msgs) StdoutLine: {'line': b'-- Installing: /home/pi/Desktop/robot_move/install/lslidar_msgs/include/lslidar_msgs/lslidar_msgs/msg/detail/lslidar_point__rosidl_typesupport_introspection_c.h\n'}
[24.978284] (lslidar_msgs) StdoutLine: {'line': b'-- Installing: /home/pi/Desktop/robot_move/install/lslidar_msgs/include/lslidar_msgs/lslidar_msgs/msg/detail/lslidar_difop__rosidl_typesupport_introspection_c.h\n'}
[24.978412] (lslidar_msgs) StdoutLine: {'line': b'-- Installing: /home/pi/Desktop/robot_move/install/lslidar_msgs/include/lslidar_msgs/lslidar_msgs/msg/detail/lslidar_packet__type_support.c\n'}
[24.978608] (lslidar_msgs) StdoutLine: {'line': b'-- Installing: /home/pi/Desktop/robot_move/install/lslidar_msgs/include/lslidar_msgs/lslidar_msgs/msg/detail/lslidar_packet__rosidl_typesupport_introspection_c.h\n'}
[24.978778] (lslidar_msgs) StdoutLine: {'line': b'-- Installing: /home/pi/Desktop/robot_move/install/lslidar_msgs/include/lslidar_msgs/lslidar_msgs/msg/detail/lslidar_point__type_support.c\n'}
[24.978963] (lslidar_msgs) StdoutLine: {'line': b'-- Installing: /home/pi/Desktop/robot_move/install/lslidar_msgs/include/lslidar_msgs/lslidar_msgs/msg/detail/lslidar_difop__type_support.c\n'}
[24.979233] (lslidar_msgs) StdoutLine: {'line': b'-- Installing: /home/pi/Desktop/robot_move/install/lslidar_msgs/include/lslidar_msgs/lslidar_msgs/msg/detail/lslidar_sweep__type_support.c\n'}
[24.979451] (lslidar_msgs) StdoutLine: {'line': b'-- Installing: /home/pi/Desktop/robot_move/install/lslidar_msgs/include/lslidar_msgs/lslidar_msgs/msg/detail/lslidar_sweep__rosidl_typesupport_introspection_c.h\n'}
[24.979610] (lslidar_msgs) StdoutLine: {'line': b'-- Installing: /home/pi/Desktop/robot_move/install/lslidar_msgs/lib/liblslidar_msgs__rosidl_typesupport_introspection_c.so\n'}
[24.979763] (lslidar_msgs) StdoutLine: {'line': b'-- Set non-toolchain portion of runtime path of "/home/pi/Desktop/robot_move/install/lslidar_msgs/lib/liblslidar_msgs__rosidl_typesupport_introspection_c.so" to ""\n'}
[24.980688] (lslidar_msgs) StdoutLine: {'line': b'-- Installing: /home/pi/Desktop/robot_move/install/lslidar_msgs/lib/liblslidar_msgs__rosidl_typesupport_c.so\n'}
[24.981007] (lslidar_msgs) StdoutLine: {'line': b'-- Set non-toolchain portion of runtime path of "/home/pi/Desktop/robot_move/install/lslidar_msgs/lib/liblslidar_msgs__rosidl_typesupport_c.so" to ""\n'}
[24.982181] (lslidar_msgs) StdoutLine: {'line': b'-- Up-to-date: /home/pi/Desktop/robot_move/install/lslidar_msgs/include/lslidar_msgs/lslidar_msgs\n'}
[24.982510] (lslidar_msgs) StdoutLine: {'line': b'-- Up-to-date: /home/pi/Desktop/robot_move/install/lslidar_msgs/include/lslidar_msgs/lslidar_msgs/msg\n'}
[24.982814] (lslidar_msgs) StdoutLine: {'line': b'-- Up-to-date: /home/pi/Desktop/robot_move/install/lslidar_msgs/include/lslidar_msgs/lslidar_msgs/msg/detail\n'}
[24.982965] (lslidar_msgs) StdoutLine: {'line': b'-- Installing: /home/pi/Desktop/robot_move/install/lslidar_msgs/include/lslidar_msgs/lslidar_msgs/msg/detail/lslidar_scan__type_support.cpp\n'}
[24.983195] (lslidar_msgs) StdoutLine: {'line': b'-- Installing: /home/pi/Desktop/robot_move/install/lslidar_msgs/include/lslidar_msgs/lslidar_msgs/msg/detail/lslidar_difop__type_support.cpp\n'}
[24.983348] (lslidar_msgs) StdoutLine: {'line': b'-- Installing: /home/pi/Desktop/robot_move/install/lslidar_msgs/include/lslidar_msgs/lslidar_msgs/msg/detail/lslidar_difop__rosidl_typesupport_introspection_cpp.hpp\n'}
[24.986167] (lslidar_msgs) StdoutLine: {'line': b'-- Installing: /home/pi/Desktop/robot_move/install/lslidar_msgs/include/lslidar_msgs/lslidar_msgs/msg/detail/lslidar_point__rosidl_typesupport_introspection_cpp.hpp\n'}
[24.986490] (lslidar_msgs) StdoutLine: {'line': b'-- Installing: /home/pi/Desktop/robot_move/install/lslidar_msgs/include/lslidar_msgs/lslidar_msgs/msg/detail/lslidar_sweep__type_support.cpp\n'}
[24.986650] (lslidar_msgs) StdoutLine: {'line': b'-- Installing: /home/pi/Desktop/robot_move/install/lslidar_msgs/include/lslidar_msgs/lslidar_msgs/msg/detail/lslidar_sweep__rosidl_typesupport_introspection_cpp.hpp\n'}
[24.986774] (lslidar_msgs) StdoutLine: {'line': b'-- Installing: /home/pi/Desktop/robot_move/install/lslidar_msgs/include/lslidar_msgs/lslidar_msgs/msg/detail/lslidar_point__type_support.cpp\n'}
[24.986885] (lslidar_msgs) StdoutLine: {'line': b'-- Installing: /home/pi/Desktop/robot_move/install/lslidar_msgs/include/lslidar_msgs/lslidar_msgs/msg/detail/lslidar_scan__rosidl_typesupport_introspection_cpp.hpp\n'}
[24.987006] (lslidar_msgs) StdoutLine: {'line': b'-- Installing: /home/pi/Desktop/robot_move/install/lslidar_msgs/include/lslidar_msgs/lslidar_msgs/msg/detail/lslidar_packet__rosidl_typesupport_introspection_cpp.hpp\n'}
[24.987162] (lslidar_msgs) StdoutLine: {'line': b'-- Installing: /home/pi/Desktop/robot_move/install/lslidar_msgs/include/lslidar_msgs/lslidar_msgs/msg/detail/lslidar_packet__type_support.cpp\n'}
[24.987313] (lslidar_msgs) StdoutLine: {'line': b'-- Installing: /home/pi/Desktop/robot_move/install/lslidar_msgs/lib/liblslidar_msgs__rosidl_typesupport_introspection_cpp.so\n'}
[24.987433] (lslidar_msgs) StdoutLine: {'line': b'-- Set non-toolchain portion of runtime path of "/home/pi/Desktop/robot_move/install/lslidar_msgs/lib/liblslidar_msgs__rosidl_typesupport_introspection_cpp.so" to ""\n'}
[24.987537] (lslidar_msgs) StdoutLine: {'line': b'-- Installing: /home/pi/Desktop/robot_move/install/lslidar_msgs/lib/liblslidar_msgs__rosidl_typesupport_cpp.so\n'}
[24.987635] (lslidar_msgs) StdoutLine: {'line': b'-- Set non-toolchain portion of runtime path of "/home/pi/Desktop/robot_move/install/lslidar_msgs/lib/liblslidar_msgs__rosidl_typesupport_cpp.so" to ""\n'}
[24.987728] (lslidar_msgs) StdoutLine: {'line': b'-- Installing: /home/pi/Desktop/robot_move/install/lslidar_msgs/share/lslidar_msgs/environment/pythonpath.sh\n'}
[24.987859] (lslidar_msgs) StdoutLine: {'line': b'-- Installing: /home/pi/Desktop/robot_move/install/lslidar_msgs/share/lslidar_msgs/environment/pythonpath.dsv\n'}
[24.987953] (lslidar_msgs) StdoutLine: {'line': b'-- Installing: /home/pi/Desktop/robot_move/install/lslidar_msgs/lib/python3.12/site-packages/lslidar_msgs-1.2.0-py3.12.egg-info\n'}
[24.988093] (lslidar_msgs) StdoutLine: {'line': b'-- Installing: /home/pi/Desktop/robot_move/install/lslidar_msgs/lib/python3.12/site-packages/lslidar_msgs-1.2.0-py3.12.egg-info/SOURCES.txt\n'}
[24.988210] (lslidar_msgs) StdoutLine: {'line': b'-- Installing: /home/pi/Desktop/robot_move/install/lslidar_msgs/lib/python3.12/site-packages/lslidar_msgs-1.2.0-py3.12.egg-info/top_level.txt\n'}
[24.988312] (lslidar_msgs) StdoutLine: {'line': b'-- Installing: /home/pi/Desktop/robot_move/install/lslidar_msgs/lib/python3.12/site-packages/lslidar_msgs-1.2.0-py3.12.egg-info/PKG-INFO\n'}
[24.988413] (lslidar_msgs) StdoutLine: {'line': b'-- Installing: /home/pi/Desktop/robot_move/install/lslidar_msgs/lib/python3.12/site-packages/lslidar_msgs-1.2.0-py3.12.egg-info/dependency_links.txt\n'}
[24.988508] (lslidar_msgs) StdoutLine: {'line': b'-- Installing: /home/pi/Desktop/robot_move/install/lslidar_msgs/lib/python3.12/site-packages/lslidar_msgs\n'}
[24.988659] (lslidar_msgs) StdoutLine: {'line': b'-- Installing: /home/pi/Desktop/robot_move/install/lslidar_msgs/lib/python3.12/site-packages/lslidar_msgs/__init__.py\n'}
[24.988857] (lslidar_msgs) StdoutLine: {'line': b'-- Installing: /home/pi/Desktop/robot_move/install/lslidar_msgs/lib/python3.12/site-packages/lslidar_msgs/_lslidar_msgs_s.ep.rosidl_typesupport_introspection_c.c\n'}
[24.989071] (lslidar_msgs) StdoutLine: {'line': b'-- Installing: /home/pi/Desktop/robot_move/install/lslidar_msgs/lib/python3.12/site-packages/lslidar_msgs/msg\n'}
[24.989263] (lslidar_msgs) StdoutLine: {'line': b'-- Installing: /home/pi/Desktop/robot_move/install/lslidar_msgs/lib/python3.12/site-packages/lslidar_msgs/msg/_lslidar_sweep_s.c\n'}
[24.989414] (lslidar_msgs) StdoutLine: {'line': b'-- Installing: /home/pi/Desktop/robot_move/install/lslidar_msgs/lib/python3.12/site-packages/lslidar_msgs/msg/__init__.py\n'}
[24.989557] (lslidar_msgs) StdoutLine: {'line': b'-- Installing: /home/pi/Desktop/robot_move/install/lslidar_msgs/lib/python3.12/site-packages/lslidar_msgs/msg/_lslidar_scan.py\n'}
[24.989721] (lslidar_msgs) StdoutLine: {'line': b'-- Installing: /home/pi/Desktop/robot_move/install/lslidar_msgs/lib/python3.12/site-packages/lslidar_msgs/msg/_lslidar_packet_s.c\n'}
[24.989874] (lslidar_msgs) StdoutLine: {'line': b'-- Installing: /home/pi/Desktop/robot_move/install/lslidar_msgs/lib/python3.12/site-packages/lslidar_msgs/msg/_lslidar_scan_s.c\n'}
[24.990036] (lslidar_msgs) StdoutLine: {'line': b'-- Installing: /home/pi/Desktop/robot_move/install/lslidar_msgs/lib/python3.12/site-packages/lslidar_msgs/msg/_lslidar_packet.py\n'}
[24.990231] (lslidar_msgs) StdoutLine: {'line': b'-- Installing: /home/pi/Desktop/robot_move/install/lslidar_msgs/lib/python3.12/site-packages/lslidar_msgs/msg/_lslidar_point.py\n'}
[24.990389] (lslidar_msgs) StdoutLine: {'line': b'-- Installing: /home/pi/Desktop/robot_move/install/lslidar_msgs/lib/python3.12/site-packages/lslidar_msgs/msg/_lslidar_difop_s.c\n'}
[24.990553] (lslidar_msgs) StdoutLine: {'line': b'-- Installing: /home/pi/Desktop/robot_move/install/lslidar_msgs/lib/python3.12/site-packages/lslidar_msgs/msg/_lslidar_point_s.c\n'}
[24.990717] (lslidar_msgs) StdoutLine: {'line': b'-- Installing: /home/pi/Desktop/robot_move/install/lslidar_msgs/lib/python3.12/site-packages/lslidar_msgs/msg/_lslidar_difop.py\n'}
[24.990867] (lslidar_msgs) StdoutLine: {'line': b'-- Installing: /home/pi/Desktop/robot_move/install/lslidar_msgs/lib/python3.12/site-packages/lslidar_msgs/msg/_lslidar_sweep.py\n'}
[24.991029] (lslidar_msgs) StdoutLine: {'line': b'-- Installing: /home/pi/Desktop/robot_move/install/lslidar_msgs/lib/python3.12/site-packages/lslidar_msgs/lslidar_msgs_s__rosidl_typesupport_introspection_c.so\n'}
[24.991199] (lslidar_msgs) StdoutLine: {'line': b'-- Installing: /home/pi/Desktop/robot_move/install/lslidar_msgs/lib/python3.12/site-packages/lslidar_msgs/lslidar_msgs_s__rosidl_typesupport_fastrtps_c.so\n'}
[24.991366] (lslidar_msgs) StdoutLine: {'line': b'-- Installing: /home/pi/Desktop/robot_move/install/lslidar_msgs/lib/python3.12/site-packages/lslidar_msgs/lslidar_msgs_s__rosidl_typesupport_c.so\n'}
[24.991514] (lslidar_msgs) StdoutLine: {'line': b'-- Installing: /home/pi/Desktop/robot_move/install/lslidar_msgs/lib/python3.12/site-packages/lslidar_msgs/_lslidar_msgs_s.ep.rosidl_typesupport_c.c\n'}
[24.991661] (lslidar_msgs) StdoutLine: {'line': b'-- Installing: /home/pi/Desktop/robot_move/install/lslidar_msgs/lib/python3.12/site-packages/lslidar_msgs/_lslidar_msgs_s.ep.rosidl_typesupport_fastrtps_c.c\n'}
[25.054106] (-) TimerEvent: {}
[25.092289] (lslidar_msgs) StdoutLine: {'line': b"Listing '/home/pi/Desktop/robot_move/install/lslidar_msgs/lib/python3.12/site-packages/lslidar_msgs'...\n"}
[25.092759] (lslidar_msgs) StdoutLine: {'line': b"Compiling '/home/pi/Desktop/robot_move/install/lslidar_msgs/lib/python3.12/site-packages/lslidar_msgs/__init__.py'...\n"}
[25.093060] (lslidar_msgs) StdoutLine: {'line': b"Listing '/home/pi/Desktop/robot_move/install/lslidar_msgs/lib/python3.12/site-packages/lslidar_msgs/msg'...\n"}
[25.093401] (lslidar_msgs) StdoutLine: {'line': b"Compiling '/home/pi/Desktop/robot_move/install/lslidar_msgs/lib/python3.12/site-packages/lslidar_msgs/msg/__init__.py'...\n"}
[25.093627] (lslidar_msgs) StdoutLine: {'line': b"Compiling '/home/pi/Desktop/robot_move/install/lslidar_msgs/lib/python3.12/site-packages/lslidar_msgs/msg/_lslidar_difop.py'...\n"}
[25.093889] (lslidar_msgs) StdoutLine: {'line': b"Compiling '/home/pi/Desktop/robot_move/install/lslidar_msgs/lib/python3.12/site-packages/lslidar_msgs/msg/_lslidar_packet.py'...\n"}
[25.094148] (lslidar_msgs) StdoutLine: {'line': b"Compiling '/home/pi/Desktop/robot_move/install/lslidar_msgs/lib/python3.12/site-packages/lslidar_msgs/msg/_lslidar_point.py'...\n"}
[25.094451] (lslidar_msgs) StdoutLine: {'line': b"Compiling '/home/pi/Desktop/robot_move/install/lslidar_msgs/lib/python3.12/site-packages/lslidar_msgs/msg/_lslidar_scan.py'...\n"}
[25.094672] (lslidar_msgs) StdoutLine: {'line': b"Compiling '/home/pi/Desktop/robot_move/install/lslidar_msgs/lib/python3.12/site-packages/lslidar_msgs/msg/_lslidar_sweep.py'...\n"}
[25.120959] (lslidar_msgs) StdoutLine: {'line': b'-- Installing: /home/pi/Desktop/robot_move/install/lslidar_msgs/lib/python3.12/site-packages/lslidar_msgs/lslidar_msgs_s__rosidl_typesupport_fastrtps_c.so\n'}
[25.121380] (lslidar_msgs) StdoutLine: {'line': b'-- Set non-toolchain portion of runtime path of "/home/pi/Desktop/robot_move/install/lslidar_msgs/lib/python3.12/site-packages/lslidar_msgs/lslidar_msgs_s__rosidl_typesupport_fastrtps_c.so" to ""\n'}
[25.121587] (lslidar_msgs) StdoutLine: {'line': b'-- Installing: /home/pi/Desktop/robot_move/install/lslidar_msgs/lib/python3.12/site-packages/lslidar_msgs/lslidar_msgs_s__rosidl_typesupport_introspection_c.so\n'}
[25.121750] (lslidar_msgs) StdoutLine: {'line': b'-- Set non-toolchain portion of runtime path of "/home/pi/Desktop/robot_move/install/lslidar_msgs/lib/python3.12/site-packages/lslidar_msgs/lslidar_msgs_s__rosidl_typesupport_introspection_c.so" to ""\n'}
[25.122071] (lslidar_msgs) StdoutLine: {'line': b'-- Installing: /home/pi/Desktop/robot_move/install/lslidar_msgs/lib/python3.12/site-packages/lslidar_msgs/lslidar_msgs_s__rosidl_typesupport_c.so\n'}
[25.123052] (lslidar_msgs) StdoutLine: {'line': b'-- Set non-toolchain portion of runtime path of "/home/pi/Desktop/robot_move/install/lslidar_msgs/lib/python3.12/site-packages/lslidar_msgs/lslidar_msgs_s__rosidl_typesupport_c.so" to ""\n'}
[25.124074] (lslidar_msgs) StdoutLine: {'line': b'-- Installing: /home/pi/Desktop/robot_move/install/lslidar_msgs/lib/liblslidar_msgs__rosidl_generator_py.so\n'}
[25.124391] (lslidar_msgs) StdoutLine: {'line': b'-- Set non-toolchain portion of runtime path of "/home/pi/Desktop/robot_move/install/lslidar_msgs/lib/liblslidar_msgs__rosidl_generator_py.so" to ""\n'}
[25.124587] (lslidar_msgs) StdoutLine: {'line': b'-- Installing: /home/pi/Desktop/robot_move/install/lslidar_msgs/share/lslidar_msgs/msg/LslidarDifop.idl\n'}
[25.124831] (lslidar_msgs) StdoutLine: {'line': b'-- Installing: /home/pi/Desktop/robot_move/install/lslidar_msgs/share/lslidar_msgs/msg/LslidarPacket.idl\n'}
[25.125388] (lslidar_msgs) StdoutLine: {'line': b'-- Installing: /home/pi/Desktop/robot_move/install/lslidar_msgs/share/lslidar_msgs/msg/LslidarPoint.idl\n'}
[25.125610] (lslidar_msgs) StdoutLine: {'line': b'-- Installing: /home/pi/Desktop/robot_move/install/lslidar_msgs/share/lslidar_msgs/msg/LslidarScan.idl\n'}
[25.125998] (lslidar_msgs) StdoutLine: {'line': b'-- Installing: /home/pi/Desktop/robot_move/install/lslidar_msgs/share/lslidar_msgs/msg/LslidarSweep.idl\n'}
[25.126220] (lslidar_msgs) StdoutLine: {'line': b'-- Installing: /home/pi/Desktop/robot_move/install/lslidar_msgs/share/lslidar_msgs/msg/LslidarDifop.msg\n'}
[25.126625] (lslidar_msgs) StdoutLine: {'line': b'-- Installing: /home/pi/Desktop/robot_move/install/lslidar_msgs/share/lslidar_msgs/msg/LslidarPacket.msg\n'}
[25.126856] (lslidar_msgs) StdoutLine: {'line': b'-- Installing: /home/pi/Desktop/robot_move/install/lslidar_msgs/share/lslidar_msgs/msg/LslidarPoint.msg\n'}
[25.130354] (lslidar_msgs) StdoutLine: {'line': b'-- Installing: /home/pi/Desktop/robot_move/install/lslidar_msgs/share/lslidar_msgs/msg/LslidarScan.msg\n'}
[25.130608] (lslidar_msgs) StdoutLine: {'line': b'-- Installing: /home/pi/Desktop/robot_move/install/lslidar_msgs/share/lslidar_msgs/msg/LslidarSweep.msg\n'}
[25.130842] (lslidar_msgs) StdoutLine: {'line': b'-- Installing: /home/pi/Desktop/robot_move/install/lslidar_msgs/share/ament_index/resource_index/package_run_dependencies/lslidar_msgs\n'}
[25.131059] (lslidar_msgs) StdoutLine: {'line': b'-- Installing: /home/pi/Desktop/robot_move/install/lslidar_msgs/share/ament_index/resource_index/parent_prefix_path/lslidar_msgs\n'}
[25.131716] (lslidar_msgs) StdoutLine: {'line': b'-- Installing: /home/pi/Desktop/robot_move/install/lslidar_msgs/share/lslidar_msgs/environment/ament_prefix_path.sh\n'}
[25.133022] (lslidar_msgs) StdoutLine: {'line': b'-- Installing: /home/pi/Desktop/robot_move/install/lslidar_msgs/share/lslidar_msgs/environment/ament_prefix_path.dsv\n'}
[25.133308] (lslidar_msgs) StdoutLine: {'line': b'-- Installing: /home/pi/Desktop/robot_move/install/lslidar_msgs/share/lslidar_msgs/environment/path.sh\n'}
[25.138319] (lslidar_msgs) StdoutLine: {'line': b'-- Installing: /home/pi/Desktop/robot_move/install/lslidar_msgs/share/lslidar_msgs/environment/path.dsv\n'}
[25.138581] (lslidar_msgs) StdoutLine: {'line': b'-- Installing: /home/pi/Desktop/robot_move/install/lslidar_msgs/share/lslidar_msgs/local_setup.bash\n'}
[25.138796] (lslidar_msgs) StdoutLine: {'line': b'-- Installing: /home/pi/Desktop/robot_move/install/lslidar_msgs/share/lslidar_msgs/local_setup.sh\n'}
[25.138986] (lslidar_msgs) StdoutLine: {'line': b'-- Installing: /home/pi/Desktop/robot_move/install/lslidar_msgs/share/lslidar_msgs/local_setup.zsh\n'}
[25.139191] (lslidar_msgs) StdoutLine: {'line': b'-- Installing: /home/pi/Desktop/robot_move/install/lslidar_msgs/share/lslidar_msgs/local_setup.dsv\n'}
[25.139411] (lslidar_msgs) StdoutLine: {'line': b'-- Installing: /home/pi/Desktop/robot_move/install/lslidar_msgs/share/lslidar_msgs/package.dsv\n'}
[25.143491] (lslidar_msgs) StdoutLine: {'line': b'-- Installing: /home/pi/Desktop/robot_move/install/lslidar_msgs/share/ament_index/resource_index/packages/lslidar_msgs\n'}
[25.143763] (lslidar_msgs) StdoutLine: {'line': b'-- Installing: /home/pi/Desktop/robot_move/install/lslidar_msgs/share/lslidar_msgs/cmake/export_lslidar_msgs__rosidl_generator_cExport.cmake\n'}
[25.143935] (lslidar_msgs) StdoutLine: {'line': b'-- Installing: /home/pi/Desktop/robot_move/install/lslidar_msgs/share/lslidar_msgs/cmake/export_lslidar_msgs__rosidl_generator_cExport-noconfig.cmake\n'}
[25.144905] (lslidar_msgs) StdoutLine: {'line': b'-- Installing: /home/pi/Desktop/robot_move/install/lslidar_msgs/share/lslidar_msgs/cmake/export_lslidar_msgs__rosidl_typesupport_fastrtps_cExport.cmake\n'}
[25.145180] (lslidar_msgs) StdoutLine: {'line': b'-- Installing: /home/pi/Desktop/robot_move/install/lslidar_msgs/share/lslidar_msgs/cmake/export_lslidar_msgs__rosidl_typesupport_fastrtps_cExport-noconfig.cmake\n'}
[25.145338] (lslidar_msgs) StdoutLine: {'line': b'-- Installing: /home/pi/Desktop/robot_move/install/lslidar_msgs/share/lslidar_msgs/cmake/export_lslidar_msgs__rosidl_generator_cppExport.cmake\n'}
[25.145470] (lslidar_msgs) StdoutLine: {'line': b'-- Installing: /home/pi/Desktop/robot_move/install/lslidar_msgs/share/lslidar_msgs/cmake/export_lslidar_msgs__rosidl_typesupport_fastrtps_cppExport.cmake\n'}
[25.145593] (lslidar_msgs) StdoutLine: {'line': b'-- Installing: /home/pi/Desktop/robot_move/install/lslidar_msgs/share/lslidar_msgs/cmake/export_lslidar_msgs__rosidl_typesupport_fastrtps_cppExport-noconfig.cmake\n'}
[25.145715] (lslidar_msgs) StdoutLine: {'line': b'-- Installing: /home/pi/Desktop/robot_move/install/lslidar_msgs/share/lslidar_msgs/cmake/lslidar_msgs__rosidl_typesupport_introspection_cExport.cmake\n'}
[25.145829] (lslidar_msgs) StdoutLine: {'line': b'-- Installing: /home/pi/Desktop/robot_move/install/lslidar_msgs/share/lslidar_msgs/cmake/lslidar_msgs__rosidl_typesupport_introspection_cExport-noconfig.cmake\n'}
[25.145999] (lslidar_msgs) StdoutLine: {'line': b'-- Installing: /home/pi/Desktop/robot_move/install/lslidar_msgs/share/lslidar_msgs/cmake/lslidar_msgs__rosidl_typesupport_cExport.cmake\n'}
[25.147302] (lslidar_msgs) StdoutLine: {'line': b'-- Installing: /home/pi/Desktop/robot_move/install/lslidar_msgs/share/lslidar_msgs/cmake/lslidar_msgs__rosidl_typesupport_cExport-noconfig.cmake\n'}
[25.147457] (lslidar_msgs) StdoutLine: {'line': b'-- Installing: /home/pi/Desktop/robot_move/install/lslidar_msgs/share/lslidar_msgs/cmake/lslidar_msgs__rosidl_typesupport_introspection_cppExport.cmake\n'}
[25.147589] (lslidar_msgs) StdoutLine: {'line': b'-- Installing: /home/pi/Desktop/robot_move/install/lslidar_msgs/share/lslidar_msgs/cmake/lslidar_msgs__rosidl_typesupport_introspection_cppExport-noconfig.cmake\n'}
[25.147718] (lslidar_msgs) StdoutLine: {'line': b'-- Installing: /home/pi/Desktop/robot_move/install/lslidar_msgs/share/lslidar_msgs/cmake/lslidar_msgs__rosidl_typesupport_cppExport.cmake\n'}
[25.147856] (lslidar_msgs) StdoutLine: {'line': b'-- Installing: /home/pi/Desktop/robot_move/install/lslidar_msgs/share/lslidar_msgs/cmake/lslidar_msgs__rosidl_typesupport_cppExport-noconfig.cmake\n'}
[25.148005] (lslidar_msgs) StdoutLine: {'line': b'-- Installing: /home/pi/Desktop/robot_move/install/lslidar_msgs/share/lslidar_msgs/cmake/export_lslidar_msgs__rosidl_generator_pyExport.cmake\n'}
[25.148290] (lslidar_msgs) StdoutLine: {'line': b'-- Installing: /home/pi/Desktop/robot_move/install/lslidar_msgs/share/lslidar_msgs/cmake/export_lslidar_msgs__rosidl_generator_pyExport-noconfig.cmake\n'}
[25.149214] (lslidar_msgs) StdoutLine: {'line': b'-- Installing: /home/pi/Desktop/robot_move/install/lslidar_msgs/share/lslidar_msgs/cmake/rosidl_cmake-extras.cmake\n'}
[25.149497] (lslidar_msgs) StdoutLine: {'line': b'-- Installing: /home/pi/Desktop/robot_move/install/lslidar_msgs/share/lslidar_msgs/cmake/ament_cmake_export_dependencies-extras.cmake\n'}
[25.149639] (lslidar_msgs) StdoutLine: {'line': b'-- Installing: /home/pi/Desktop/robot_move/install/lslidar_msgs/share/lslidar_msgs/cmake/ament_cmake_export_include_directories-extras.cmake\n'}
[25.149757] (lslidar_msgs) StdoutLine: {'line': b'-- Installing: /home/pi/Desktop/robot_move/install/lslidar_msgs/share/lslidar_msgs/cmake/ament_cmake_export_libraries-extras.cmake\n'}
[25.149876] (lslidar_msgs) StdoutLine: {'line': b'-- Installing: /home/pi/Desktop/robot_move/install/lslidar_msgs/share/lslidar_msgs/cmake/ament_cmake_export_targets-extras.cmake\n'}
[25.149978] (lslidar_msgs) StdoutLine: {'line': b'-- Installing: /home/pi/Desktop/robot_move/install/lslidar_msgs/share/lslidar_msgs/cmake/rosidl_cmake_export_typesupport_targets-extras.cmake\n'}
[25.150135] (lslidar_msgs) StdoutLine: {'line': b'-- Installing: /home/pi/Desktop/robot_move/install/lslidar_msgs/share/lslidar_msgs/cmake/rosidl_cmake_export_typesupport_libraries-extras.cmake\n'}
[25.150302] (lslidar_msgs) StdoutLine: {'line': b'-- Installing: /home/pi/Desktop/robot_move/install/lslidar_msgs/share/lslidar_msgs/cmake/lslidar_msgsConfig.cmake\n'}
[25.150460] (lslidar_msgs) StdoutLine: {'line': b'-- Installing: /home/pi/Desktop/robot_move/install/lslidar_msgs/share/lslidar_msgs/cmake/lslidar_msgsConfig-version.cmake\n'}
[25.150650] (lslidar_msgs) StdoutLine: {'line': b'-- Installing: /home/pi/Desktop/robot_move/install/lslidar_msgs/share/lslidar_msgs/package.xml\n'}
[25.151970] (lslidar_msgs) CommandEnded: {'returncode': 0}
[25.157372] (-) TimerEvent: {}
[25.213663] (lslidar_msgs) JobEnded: {'identifier': 'lslidar_msgs', 'rc': 0}
[25.215528] (lslidar_driver) JobStarted: {'identifier': 'lslidar_driver'}
[25.244489] (lslidar_driver) JobProgress: {'identifier': 'lslidar_driver', 'progress': 'cmake'}
[25.245211] (lslidar_driver) Command: {'cmd': ['/usr/bin/cmake', '/home/pi/Desktop/robot_move/my_base_learn/src/lslidar_driver/LSLIDAR_X_ROS2-20240228/src/lslidar_driver', '-DCMAKE_INSTALL_PREFIX=/home/pi/Desktop/robot_move/install/lslidar_driver'], 'cwd': '/home/pi/Desktop/robot_move/build/lslidar_driver', 'env': OrderedDict({'USER': 'pi', 'SSH_CLIENT': '172.20.0.79 61948 22', 'XDG_SESSION_TYPE': 'tty', 'GIT_ASKPASS': '/home/pi/.vscode-server/cli/servers/Stable-8761a5560cfd65fdd19ce7e2bd18dab5c0a4d84e/server/extensions/git/dist/askpass.sh', 'SHLVL': '1', 'LD_LIBRARY_PATH': '/home/pi/Desktop/robot_move/install/lslidar_msgs/lib:/home/pi/Desktop/robot_move/my_base_learn/install/lslidar_msgs/lib:/opt/ros/jazzy/opt/rviz_ogre_vendor/lib:/opt/ros/jazzy/lib/aarch64-linux-gnu:/opt/ros/jazzy/opt/gz_math_vendor/lib:/opt/ros/jazzy/opt/gz_utils_vendor/lib:/opt/ros/jazzy/opt/gz_cmake_vendor/lib:/opt/ros/jazzy/lib', 'BROWSER': '/home/pi/.vscode-server/cli/servers/Stable-8761a5560cfd65fdd19ce7e2bd18dab5c0a4d84e/server/bin/helpers/browser.sh', 'HOME': '/home/pi', 'OLDPWD': '/home/pi/.vscode-server', 'TERM_PROGRAM_VERSION': '1.122.1', 'VSCODE_IPC_HOOK_CLI': '/run/user/1002/vscode-ipc-804e5c9b-6341-4a90-9e9c-12e77a891ac8.sock', 'ROS_PYTHON_VERSION': '3', 'VSCODE_GIT_ASKPASS_MAIN': '/home/pi/.vscode-server/cli/servers/Stable-8761a5560cfd65fdd19ce7e2bd18dab5c0a4d84e/server/extensions/git/dist/askpass-main.js', 'VSCODE_GIT_ASKPASS_NODE': '/home/pi/.vscode-server/cli/servers/Stable-8761a5560cfd65fdd19ce7e2bd18dab5c0a4d84e/server/node', 'VSCODE_PYTHON_AUTOACTIVATE_GUARD': '1', 'DBUS_SESSION_BUS_ADDRESS': 'unix:path=/run/user/1002/bus', 'COLORTERM': 'truecolor', 'DEBUGINFOD_URLS': 'https://debuginfod.ubuntu.com', 'COLCON_PREFIX_PATH': '/home/pi/Desktop/robot_move/my_base_learn/install', 'ROS_DISTRO': 'jazzy', 'LOGNAME': 'pi', '_': '/usr/bin/colcon', 'ROS_VERSION': '2', 'XDG_SESSION_CLASS': 'user', 'TERM': 'xterm-256color', 'XDG_SESSION_ID': '4', 'PATH': '/home/pi/.vscode-server/cli/servers/Stable-8761a5560cfd65fdd19ce7e2bd18dab5c0a4d84e/server/bin/remote-cli:/opt/ros/jazzy/bin:/usr/local/sbin:/usr/local/bin:/usr/sbin:/usr/bin:/sbin:/bin:/usr/games:/usr/local/games:/snap/bin', 'XDG_RUNTIME_DIR': '/run/user/1002', 'LANG': 'en_US.UTF-8', 'VSCODE_GIT_IPC_HANDLE': '/run/user/1002/vscode-git-c742cdeaad.sock', 'TERM_PROGRAM': 'vscode', 'AMENT_PREFIX_PATH': '/home/pi/Desktop/robot_move/install/lslidar_msgs:/home/pi/Desktop/robot_move/my_base_learn/install/tbot_description:/home/pi/Desktop/robot_move/my_base_learn/install/robot_control:/home/pi/Desktop/robot_move/my_base_learn/install/my_base:/home/pi/Desktop/robot_move/my_base_learn/install/lslidar_driver:/home/pi/Desktop/robot_move/my_base_learn/install/lslidar_msgs:/home/pi/Desktop/robot_move/my_base_learn/install/lidar_test:/opt/ros/jazzy', 'SHELL': '/bin/bash', 'ROS_AUTOMATIC_DISCOVERY_RANGE': 'SUBNET', 'VSCODE_GIT_ASKPASS_EXTRA_ARGS': '', 'PWD': '/home/pi/Desktop/robot_move/build/lslidar_driver', 'LC_ALL': 'en_US.UTF-8', 'SSH_CONNECTION': '172.20.0.79 61948 172.20.1.242 22', 'XDG_DATA_DIRS': '/usr/share/gnome:/usr/local/share:/usr/share:/var/lib/snapd/desktop', 'PYTHONPATH': '/home/pi/Desktop/robot_move/install/lslidar_msgs/lib/python3.12/site-packages:/home/pi/Desktop/robot_move/my_base_learn/install/robot_control/lib/python3.12/site-packages:/home/pi/Desktop/robot_move/my_base_learn/install/lslidar_msgs/lib/python3.12/site-packages:/home/pi/Desktop/robot_move/my_base_learn/install/lidar_test/lib/python3.12/site-packages:/opt/ros/jazzy/lib/python3.12/site-packages', 'COLCON': '1', 'CMAKE_PREFIX_PATH': '/home/pi/Desktop/robot_move/install/lslidar_msgs:/home/pi/Desktop/robot_move/my_base_learn/install/tbot_description:/home/pi/Desktop/robot_move/my_base_learn/install/my_base:/home/pi/Desktop/robot_move/my_base_learn/install/lslidar_driver:/home/pi/Desktop/robot_move/my_base_learn/install/lslidar_msgs:/opt/ros/jazzy/opt/gz_math_vendor:/opt/ros/jazzy/opt/gz_utils_vendor:/opt/ros/jazzy/opt/gz_cmake_vendor:/home/pi/Desktop/robot_move/my_base_learn/install/robot_control:/home/pi/Desktop/robot_move/my_base_learn/install/lidar_test:/opt/ros/jazzy'}), 'shell': False}
[25.259110] (-) TimerEvent: {}
[25.361353] (-) TimerEvent: {}
[25.395801] (lslidar_driver) StdoutLine: {'line': b'-- The C compiler identification is GNU 13.3.0\n'}
[25.461477] (-) TimerEvent: {}
[25.550269] (lslidar_driver) StdoutLine: {'line': b'-- The CXX compiler identification is GNU 13.3.0\n'}
[25.561593] (-) TimerEvent: {}
[25.585057] (lslidar_driver) StdoutLine: {'line': b'-- Detecting C compiler ABI info\n'}
[25.661774] (-) TimerEvent: {}
[25.762375] (-) TimerEvent: {}
[25.798840] (lslidar_driver) StdoutLine: {'line': b'-- Detecting C compiler ABI info - done\n'}
[25.823674] (lslidar_driver) StdoutLine: {'line': b'-- Check for working C compiler: /usr/bin/cc - skipped\n'}
[25.824102] (lslidar_driver) StdoutLine: {'line': b'-- Detecting C compile features\n'}
[25.824752] (lslidar_driver) StdoutLine: {'line': b'-- Detecting C compile features - done\n'}
[25.844500] (lslidar_driver) StdoutLine: {'line': b'-- Detecting CXX compiler ABI info\n'}
[25.862502] (-) TimerEvent: {}
[25.962935] (-) TimerEvent: {}
[26.063333] (-) TimerEvent: {}
[26.071643] (lslidar_driver) StdoutLine: {'line': b'-- Detecting CXX compiler ABI info - done\n'}
[26.087949] (lslidar_driver) StdoutLine: {'line': b'-- Check for working CXX compiler: /usr/bin/c++ - skipped\n'}
[26.088410] (lslidar_driver) StdoutLine: {'line': b'-- Detecting CXX compile features\n'}
[26.089219] (lslidar_driver) StdoutLine: {'line': b'-- Detecting CXX compile features - done\n'}
[26.163440] (-) TimerEvent: {}
[26.265116] (-) TimerEvent: {}
[26.365547] (-) TimerEvent: {}
[26.466076] (-) TimerEvent: {}
[26.529152] (lslidar_driver) StdoutLine: {'line': b'-- Found Boost: /usr/lib/aarch64-linux-gnu/cmake/Boost-1.83.0/BoostConfig.cmake (found version "1.83.0") found components: thread \n'}
[26.544437] (lslidar_driver) StdoutLine: {'line': b'-- Found rclcpp: 28.1.16 (/opt/ros/jazzy/share/rclcpp/cmake)\n'}
[26.566189] (-) TimerEvent: {}
[26.666570] (-) TimerEvent: {}
[26.767077] (-) TimerEvent: {}
[26.817720] (lslidar_driver) StdoutLine: {'line': b'-- Found Python3: /usr/bin/python3 (found version "3.12.3") found components: Interpreter \n'}
[26.867184] (-) TimerEvent: {}
[26.967602] (-) TimerEvent: {}
[27.068115] (-) TimerEvent: {}
[27.107921] (lslidar_driver) StdoutLine: {'line': b'-- Found rosidl_generator_c: 4.6.7 (/opt/ros/jazzy/share/rosidl_generator_c/cmake)\n'}
[27.132432] (lslidar_driver) StdoutLine: {'line': b'-- Found rosidl_generator_cpp: 4.6.7 (/opt/ros/jazzy/share/rosidl_generator_cpp/cmake)\n'}
[27.160367] (lslidar_driver) StdoutLine: {'line': b'-- Using all available rosidl_typesupport_c: rosidl_typesupport_fastrtps_c;rosidl_typesupport_introspection_c\n'}
[27.168209] (-) TimerEvent: {}
[27.191518] (lslidar_driver) StdoutLine: {'line': b'-- Using all available rosidl_typesupport_cpp: rosidl_typesupport_fastrtps_cpp;rosidl_typesupport_introspection_cpp\n'}
[27.268336] (-) TimerEvent: {}
[27.312584] (lslidar_driver) StdoutLine: {'line': b'-- Found rmw_implementation_cmake: 7.3.3 (/opt/ros/jazzy/share/rmw_implementation_cmake/cmake)\n'}
[27.318111] (lslidar_driver) StdoutLine: {'line': b'-- Found rmw_fastrtps_cpp: 8.4.3 (/opt/ros/jazzy/share/rmw_fastrtps_cpp/cmake)\n'}
[27.368458] (-) TimerEvent: {}
[27.464801] (lslidar_driver) StdoutLine: {'line': b'-- Found OpenSSL: /usr/lib/aarch64-linux-gnu/libcrypto.so (found version "3.0.13")  \n'}
[27.468526] (-) TimerEvent: {}
[27.496882] (lslidar_driver) StdoutLine: {'line': b'-- Found FastRTPS: /opt/ros/jazzy/include (Required is at least version "2.13") \n'}
[27.534095] (lslidar_driver) StdoutLine: {'line': b"-- Using RMW implementation 'rmw_fastrtps_cpp' as default\n"}
[27.568640] (-) TimerEvent: {}
[27.668999] (-) TimerEvent: {}
[27.769404] (-) TimerEvent: {}
[27.789143] (lslidar_driver) StdoutLine: {'line': b'-- Found diagnostic_updater: 4.2.6 (/opt/ros/jazzy/share/diagnostic_updater/cmake)\n'}
[27.869510] (-) TimerEvent: {}
[27.969887] (-) TimerEvent: {}
[28.070286] (-) TimerEvent: {}
[28.170677] (-) TimerEvent: {}
[28.201642] (lslidar_driver) StdoutLine: {'line': b'-- Found lslidar_msgs: 1.2.0 (/home/pi/Desktop/robot_move/install/lslidar_msgs/share/lslidar_msgs/cmake)\n'}
[28.237329] (lslidar_driver) StdoutLine: {'line': b'-- Found pluginlib: 5.4.4 (/opt/ros/jazzy/share/pluginlib/cmake)\n'}
[28.270786] (-) TimerEvent: {}
[28.273107] (lslidar_driver) StdoutLine: {'line': b'-- Found sensor_msgs: 5.3.6 (/opt/ros/jazzy/share/sensor_msgs/cmake)\n'}
[28.370923] (-) TimerEvent: {}
[28.475419] (-) TimerEvent: {}
[28.529775] (lslidar_driver) StdoutLine: {'line': b'-- Configuring done (3.3s)\n'}
[28.575520] (-) TimerEvent: {}
[28.739578] (-) TimerEvent: {}
[28.839950] (-) TimerEvent: {}
[28.901303] (lslidar_driver) StdoutLine: {'line': b'-- Generating done (0.3s)\n'}
[28.915819] (lslidar_driver) StdoutLine: {'line': b'-- Build files have been written to: /home/pi/Desktop/robot_move/build/lslidar_driver\n'}
[28.940184] (-) TimerEvent: {}
[28.962929] (lslidar_driver) CommandEnded: {'returncode': 0}
[28.963868] (lslidar_driver) JobProgress: {'identifier': 'lslidar_driver', 'progress': 'build'}
[28.963952] (lslidar_driver) Command: {'cmd': ['/usr/bin/cmake', '--build', '/home/pi/Desktop/robot_move/build/lslidar_driver', '--', '-j4', '-l4'], 'cwd': '/home/pi/Desktop/robot_move/build/lslidar_driver', 'env': OrderedDict({'USER': 'pi', 'SSH_CLIENT': '172.20.0.79 61948 22', 'XDG_SESSION_TYPE': 'tty', 'GIT_ASKPASS': '/home/pi/.vscode-server/cli/servers/Stable-8761a5560cfd65fdd19ce7e2bd18dab5c0a4d84e/server/extensions/git/dist/askpass.sh', 'SHLVL': '1', 'LD_LIBRARY_PATH': '/home/pi/Desktop/robot_move/install/lslidar_msgs/lib:/home/pi/Desktop/robot_move/my_base_learn/install/lslidar_msgs/lib:/opt/ros/jazzy/opt/rviz_ogre_vendor/lib:/opt/ros/jazzy/lib/aarch64-linux-gnu:/opt/ros/jazzy/opt/gz_math_vendor/lib:/opt/ros/jazzy/opt/gz_utils_vendor/lib:/opt/ros/jazzy/opt/gz_cmake_vendor/lib:/opt/ros/jazzy/lib', 'BROWSER': '/home/pi/.vscode-server/cli/servers/Stable-8761a5560cfd65fdd19ce7e2bd18dab5c0a4d84e/server/bin/helpers/browser.sh', 'HOME': '/home/pi', 'OLDPWD': '/home/pi/.vscode-server', 'TERM_PROGRAM_VERSION': '1.122.1', 'VSCODE_IPC_HOOK_CLI': '/run/user/1002/vscode-ipc-804e5c9b-6341-4a90-9e9c-12e77a891ac8.sock', 'ROS_PYTHON_VERSION': '3', 'VSCODE_GIT_ASKPASS_MAIN': '/home/pi/.vscode-server/cli/servers/Stable-8761a5560cfd65fdd19ce7e2bd18dab5c0a4d84e/server/extensions/git/dist/askpass-main.js', 'VSCODE_GIT_ASKPASS_NODE': '/home/pi/.vscode-server/cli/servers/Stable-8761a5560cfd65fdd19ce7e2bd18dab5c0a4d84e/server/node', 'VSCODE_PYTHON_AUTOACTIVATE_GUARD': '1', 'DBUS_SESSION_BUS_ADDRESS': 'unix:path=/run/user/1002/bus', 'COLORTERM': 'truecolor', 'DEBUGINFOD_URLS': 'https://debuginfod.ubuntu.com', 'COLCON_PREFIX_PATH': '/home/pi/Desktop/robot_move/my_base_learn/install', 'ROS_DISTRO': 'jazzy', 'LOGNAME': 'pi', '_': '/usr/bin/colcon', 'ROS_VERSION': '2', 'XDG_SESSION_CLASS': 'user', 'TERM': 'xterm-256color', 'XDG_SESSION_ID': '4', 'PATH': '/home/pi/.vscode-server/cli/servers/Stable-8761a5560cfd65fdd19ce7e2bd18dab5c0a4d84e/server/bin/remote-cli:/opt/ros/jazzy/bin:/usr/local/sbin:/usr/local/bin:/usr/sbin:/usr/bin:/sbin:/bin:/usr/games:/usr/local/games:/snap/bin', 'XDG_RUNTIME_DIR': '/run/user/1002', 'LANG': 'en_US.UTF-8', 'VSCODE_GIT_IPC_HANDLE': '/run/user/1002/vscode-git-c742cdeaad.sock', 'TERM_PROGRAM': 'vscode', 'AMENT_PREFIX_PATH': '/home/pi/Desktop/robot_move/install/lslidar_msgs:/home/pi/Desktop/robot_move/my_base_learn/install/tbot_description:/home/pi/Desktop/robot_move/my_base_learn/install/robot_control:/home/pi/Desktop/robot_move/my_base_learn/install/my_base:/home/pi/Desktop/robot_move/my_base_learn/install/lslidar_driver:/home/pi/Desktop/robot_move/my_base_learn/install/lslidar_msgs:/home/pi/Desktop/robot_move/my_base_learn/install/lidar_test:/opt/ros/jazzy', 'SHELL': '/bin/bash', 'ROS_AUTOMATIC_DISCOVERY_RANGE': 'SUBNET', 'VSCODE_GIT_ASKPASS_EXTRA_ARGS': '', 'PWD': '/home/pi/Desktop/robot_move/build/lslidar_driver', 'LC_ALL': 'en_US.UTF-8', 'SSH_CONNECTION': '172.20.0.79 61948 172.20.1.242 22', 'XDG_DATA_DIRS': '/usr/share/gnome:/usr/local/share:/usr/share:/var/lib/snapd/desktop', 'PYTHONPATH': '/home/pi/Desktop/robot_move/install/lslidar_msgs/lib/python3.12/site-packages:/home/pi/Desktop/robot_move/my_base_learn/install/robot_control/lib/python3.12/site-packages:/home/pi/Desktop/robot_move/my_base_learn/install/lslidar_msgs/lib/python3.12/site-packages:/home/pi/Desktop/robot_move/my_base_learn/install/lidar_test/lib/python3.12/site-packages:/opt/ros/jazzy/lib/python3.12/site-packages', 'COLCON': '1', 'CMAKE_PREFIX_PATH': '/home/pi/Desktop/robot_move/install/lslidar_msgs:/home/pi/Desktop/robot_move/my_base_learn/install/tbot_description:/home/pi/Desktop/robot_move/my_base_learn/install/my_base:/home/pi/Desktop/robot_move/my_base_learn/install/lslidar_driver:/home/pi/Desktop/robot_move/my_base_learn/install/lslidar_msgs:/opt/ros/jazzy/opt/gz_math_vendor:/opt/ros/jazzy/opt/gz_utils_vendor:/opt/ros/jazzy/opt/gz_cmake_vendor:/home/pi/Desktop/robot_move/my_base_learn/install/robot_control:/home/pi/Desktop/robot_move/my_base_learn/install/lidar_test:/opt/ros/jazzy'}), 'shell': False}
[29.040414] (-) TimerEvent: {}
[29.095208] (lslidar_driver) StdoutLine: {'line': b'[ 20%] \x1b[32mBuilding CXX object CMakeFiles/lslidar_driver_node.dir/src/lslidar_driver.cc.o\x1b[0m\n'}
[29.114568] (lslidar_driver) StdoutLine: {'line': b'[ 40%] \x1b[32mBuilding CXX object CMakeFiles/lslidar_driver_node.dir/src/lslidar_driver_node.cc.o\x1b[0m\n'}
[29.120509] (lslidar_driver) StdoutLine: {'line': b'[ 60%] \x1b[32mBuilding CXX object CMakeFiles/lslidar_driver_node.dir/src/lsiosr.cpp.o\x1b[0m\n'}
[29.120933] (lslidar_driver) StdoutLine: {'line': b'[ 80%] \x1b[32mBuilding CXX object CMakeFiles/lslidar_driver_node.dir/src/input.cc.o\x1b[0m\n'}
[29.140562] (-) TimerEvent: {}
[29.241210] (-) TimerEvent: {}
[29.341795] (-) TimerEvent: {}
[29.433501] (my_base) StdoutLine: {'line': b'[100%] \x1b[32m\x1b[1mLinking CXX executable my_base\x1b[0m\n'}
[29.441925] (-) TimerEvent: {}
[29.543316] (-) TimerEvent: {}
[29.646323] (-) TimerEvent: {}
[29.747205] (-) TimerEvent: {}
[29.847997] (-) TimerEvent: {}
[29.949288] (-) TimerEvent: {}
[30.049692] (-) TimerEvent: {}
[30.150246] (-) TimerEvent: {}
[30.251621] (-) TimerEvent: {}
[30.352092] (-) TimerEvent: {}
[30.452511] (-) TimerEvent: {}
[30.552970] (-) TimerEvent: {}
[30.654554] (-) TimerEvent: {}
[30.755002] (-) TimerEvent: {}
[30.855501] (-) TimerEvent: {}
[30.956106] (-) TimerEvent: {}
[31.056647] (-) TimerEvent: {}
[31.157215] (-) TimerEvent: {}
[31.257657] (-) TimerEvent: {}
[31.358089] (-) TimerEvent: {}
[31.396156] (my_base) StdoutLine: {'line': b'[100%] Built target my_base\n'}
[31.427802] (my_base) CommandEnded: {'returncode': 0}
[31.428529] (my_base) JobProgress: {'identifier': 'my_base', 'progress': 'install'}
[31.428587] (my_base) Command: {'cmd': ['/usr/bin/cmake', '--install', '/home/pi/Desktop/robot_move/build/my_base'], 'cwd': '/home/pi/Desktop/robot_move/build/my_base', 'env': OrderedDict({'USER': 'pi', 'SSH_CLIENT': '172.20.0.79 61948 22', 'XDG_SESSION_TYPE': 'tty', 'GIT_ASKPASS': '/home/pi/.vscode-server/cli/servers/Stable-8761a5560cfd65fdd19ce7e2bd18dab5c0a4d84e/server/extensions/git/dist/askpass.sh', 'SHLVL': '1', 'LD_LIBRARY_PATH': '/home/pi/Desktop/robot_move/my_base_learn/install/lslidar_msgs/lib:/opt/ros/jazzy/opt/rviz_ogre_vendor/lib:/opt/ros/jazzy/lib/aarch64-linux-gnu:/opt/ros/jazzy/opt/gz_math_vendor/lib:/opt/ros/jazzy/opt/gz_utils_vendor/lib:/opt/ros/jazzy/opt/gz_cmake_vendor/lib:/opt/ros/jazzy/lib', 'BROWSER': '/home/pi/.vscode-server/cli/servers/Stable-8761a5560cfd65fdd19ce7e2bd18dab5c0a4d84e/server/bin/helpers/browser.sh', 'HOME': '/home/pi', 'OLDPWD': '/home/pi/.vscode-server', 'TERM_PROGRAM_VERSION': '1.122.1', 'VSCODE_IPC_HOOK_CLI': '/run/user/1002/vscode-ipc-804e5c9b-6341-4a90-9e9c-12e77a891ac8.sock', 'ROS_PYTHON_VERSION': '3', 'VSCODE_GIT_ASKPASS_MAIN': '/home/pi/.vscode-server/cli/servers/Stable-8761a5560cfd65fdd19ce7e2bd18dab5c0a4d84e/server/extensions/git/dist/askpass-main.js', 'VSCODE_GIT_ASKPASS_NODE': '/home/pi/.vscode-server/cli/servers/Stable-8761a5560cfd65fdd19ce7e2bd18dab5c0a4d84e/server/node', 'VSCODE_PYTHON_AUTOACTIVATE_GUARD': '1', 'DBUS_SESSION_BUS_ADDRESS': 'unix:path=/run/user/1002/bus', 'COLORTERM': 'truecolor', 'DEBUGINFOD_URLS': 'https://debuginfod.ubuntu.com', 'COLCON_PREFIX_PATH': '/home/pi/Desktop/robot_move/my_base_learn/install', 'ROS_DISTRO': 'jazzy', 'LOGNAME': 'pi', '_': '/usr/bin/colcon', 'ROS_VERSION': '2', 'XDG_SESSION_CLASS': 'user', 'TERM': 'xterm-256color', 'XDG_SESSION_ID': '4', 'PATH': '/home/pi/.vscode-server/cli/servers/Stable-8761a5560cfd65fdd19ce7e2bd18dab5c0a4d84e/server/bin/remote-cli:/opt/ros/jazzy/bin:/usr/local/sbin:/usr/local/bin:/usr/sbin:/usr/bin:/sbin:/bin:/usr/games:/usr/local/games:/snap/bin', 'XDG_RUNTIME_DIR': '/run/user/1002', 'LANG': 'en_US.UTF-8', 'VSCODE_GIT_IPC_HANDLE': '/run/user/1002/vscode-git-c742cdeaad.sock', 'TERM_PROGRAM': 'vscode', 'AMENT_PREFIX_PATH': '/home/pi/Desktop/robot_move/my_base_learn/install/tbot_description:/home/pi/Desktop/robot_move/my_base_learn/install/robot_control:/home/pi/Desktop/robot_move/my_base_learn/install/my_base:/home/pi/Desktop/robot_move/my_base_learn/install/lslidar_driver:/home/pi/Desktop/robot_move/my_base_learn/install/lslidar_msgs:/home/pi/Desktop/robot_move/my_base_learn/install/lidar_test:/opt/ros/jazzy', 'SHELL': '/bin/bash', 'ROS_AUTOMATIC_DISCOVERY_RANGE': 'SUBNET', 'VSCODE_GIT_ASKPASS_EXTRA_ARGS': '', 'PWD': '/home/pi/Desktop/robot_move/build/my_base', 'LC_ALL': 'en_US.UTF-8', 'SSH_CONNECTION': '172.20.0.79 61948 172.20.1.242 22', 'XDG_DATA_DIRS': '/usr/share/gnome:/usr/local/share:/usr/share:/var/lib/snapd/desktop', 'PYTHONPATH': '/home/pi/Desktop/robot_move/my_base_learn/install/robot_control/lib/python3.12/site-packages:/home/pi/Desktop/robot_move/my_base_learn/install/lslidar_msgs/lib/python3.12/site-packages:/home/pi/Desktop/robot_move/my_base_learn/install/lidar_test/lib/python3.12/site-packages:/opt/ros/jazzy/lib/python3.12/site-packages', 'COLCON': '1', 'CMAKE_PREFIX_PATH': '/home/pi/Desktop/robot_move/my_base_learn/install/tbot_description:/home/pi/Desktop/robot_move/my_base_learn/install/my_base:/home/pi/Desktop/robot_move/my_base_learn/install/lslidar_driver:/home/pi/Desktop/robot_move/my_base_learn/install/lslidar_msgs:/opt/ros/jazzy/opt/gz_math_vendor:/opt/ros/jazzy/opt/gz_utils_vendor:/opt/ros/jazzy/opt/gz_cmake_vendor:/home/pi/Desktop/robot_move/my_base_learn/install/robot_control:/home/pi/Desktop/robot_move/my_base_learn/install/lidar_test:/opt/ros/jazzy'}), 'shell': False}
[31.455913] (my_base) StdoutLine: {'line': b'-- Install configuration: ""\n'}
[31.457336] (my_base) StdoutLine: {'line': b'-- Installing: /home/pi/Desktop/robot_move/install/my_base/lib/my_base/my_base\n'}
[31.461996] (-) TimerEvent: {}
[31.486088] (my_base) StdoutLine: {'line': b'-- Set non-toolchain portion of runtime path of "/home/pi/Desktop/robot_move/install/my_base/lib/my_base/my_base" to "/usr/local/lib:/opt/ros/jazzy/lib"\n'}
[31.487728] (my_base) StdoutLine: {'line': b'-- Installing: /home/pi/Desktop/robot_move/install/my_base/share/ament_index/resource_index/package_run_dependencies/my_base\n'}
[31.489399] (my_base) StdoutLine: {'line': b'-- Installing: /home/pi/Desktop/robot_move/install/my_base/share/ament_index/resource_index/parent_prefix_path/my_base\n'}
[31.490533] (my_base) StdoutLine: {'line': b'-- Installing: /home/pi/Desktop/robot_move/install/my_base/share/my_base/environment/ament_prefix_path.sh\n'}
[31.491316] (my_base) StdoutLine: {'line': b'-- Installing: /home/pi/Desktop/robot_move/install/my_base/share/my_base/environment/ament_prefix_path.dsv\n'}
[31.492404] (my_base) StdoutLine: {'line': b'-- Installing: /home/pi/Desktop/robot_move/install/my_base/share/my_base/environment/path.sh\n'}
[31.493851] (my_base) StdoutLine: {'line': b'-- Installing: /home/pi/Desktop/robot_move/install/my_base/share/my_base/environment/path.dsv\n'}
[31.494883] (my_base) StdoutLine: {'line': b'-- Installing: /home/pi/Desktop/robot_move/install/my_base/share/my_base/local_setup.bash\n'}
[31.495172] (my_base) StdoutLine: {'line': b'-- Installing: /home/pi/Desktop/robot_move/install/my_base/share/my_base/local_setup.sh\n'}
[31.496149] (my_base) StdoutLine: {'line': b'-- Installing: /home/pi/Desktop/robot_move/install/my_base/share/my_base/local_setup.zsh\n'}
[31.498105] (my_base) StdoutLine: {'line': b'-- Installing: /home/pi/Desktop/robot_move/install/my_base/share/my_base/local_setup.dsv\n'}
[31.498473] (my_base) StdoutLine: {'line': b'-- Installing: /home/pi/Desktop/robot_move/install/my_base/share/my_base/package.dsv\n'}
[31.500127] (my_base) StdoutLine: {'line': b'-- Installing: /home/pi/Desktop/robot_move/install/my_base/share/ament_index/resource_index/packages/my_base\n'}
[31.501808] (my_base) StdoutLine: {'line': b'-- Installing: /home/pi/Desktop/robot_move/install/my_base/share/my_base/cmake/my_baseConfig.cmake\n'}
[31.506198] (my_base) StdoutLine: {'line': b'-- Installing: /home/pi/Desktop/robot_move/install/my_base/share/my_base/cmake/my_baseConfig-version.cmake\n'}
[31.506535] (my_base) StdoutLine: {'line': b'-- Installing: /home/pi/Desktop/robot_move/install/my_base/share/my_base/package.xml\n'}
[31.513094] (my_base) CommandEnded: {'returncode': 0}
[31.562113] (-) TimerEvent: {}
[31.578428] (my_base) JobEnded: {'identifier': 'my_base', 'rc': 0}
[31.662232] (-) TimerEvent: {}
[31.763965] (-) TimerEvent: {}
[31.864413] (-) TimerEvent: {}
[31.964794] (-) TimerEvent: {}
[32.065196] (-) TimerEvent: {}
[32.166405] (-) TimerEvent: {}
[32.266775] (-) TimerEvent: {}
[32.367128] (-) TimerEvent: {}
[32.467738] (-) TimerEvent: {}
[32.568088] (-) TimerEvent: {}
[32.668485] (-) TimerEvent: {}
[32.768868] (-) TimerEvent: {}
[32.869259] (-) TimerEvent: {}
[32.969674] (-) TimerEvent: {}
[33.070159] (-) TimerEvent: {}
[33.170662] (-) TimerEvent: {}
[33.271090] (-) TimerEvent: {}
[33.371643] (-) TimerEvent: {}
[33.472692] (-) TimerEvent: {}
[33.573277] (-) TimerEvent: {}
[33.673658] (-) TimerEvent: {}
[33.774112] (-) TimerEvent: {}
[33.874695] (-) TimerEvent: {}
[33.975514] (-) TimerEvent: {}
[34.075955] (-) TimerEvent: {}
[34.176509] (-) TimerEvent: {}
[34.276944] (-) TimerEvent: {}
[34.378199] (-) TimerEvent: {}
[34.479108] (-) TimerEvent: {}
[34.580069] (-) TimerEvent: {}
[34.680972] (-) TimerEvent: {}
[34.781583] (-) TimerEvent: {}
[34.882205] (-) TimerEvent: {}
[34.983091] (-) TimerEvent: {}
[35.084335] (-) TimerEvent: {}
[35.185253] (-) TimerEvent: {}
[35.288312] (-) TimerEvent: {}
[35.388896] (-) TimerEvent: {}
[35.489341] (-) TimerEvent: {}
[35.591639] (-) TimerEvent: {}
[35.692080] (-) TimerEvent: {}
[35.792487] (-) TimerEvent: {}
[35.892884] (-) TimerEvent: {}
[35.993295] (-) TimerEvent: {}
[36.093689] (-) TimerEvent: {}
[36.194088] (-) TimerEvent: {}
[36.294518] (-) TimerEvent: {}
[36.395032] (-) TimerEvent: {}
[36.495449] (-) TimerEvent: {}
[36.595828] (-) TimerEvent: {}
[36.696227] (-) TimerEvent: {}
[36.796610] (-) TimerEvent: {}
[36.897027] (-) TimerEvent: {}
[36.997413] (-) TimerEvent: {}
[37.097807] (-) TimerEvent: {}
[37.198222] (-) TimerEvent: {}
[37.298621] (-) TimerEvent: {}
[37.399041] (-) TimerEvent: {}
[37.499457] (-) TimerEvent: {}
[37.599914] (-) TimerEvent: {}
[37.700336] (-) TimerEvent: {}
[37.800727] (-) TimerEvent: {}
[37.901130] (-) TimerEvent: {}
[38.001538] (-) TimerEvent: {}
[38.101923] (-) TimerEvent: {}
[38.202322] (-) TimerEvent: {}
[38.302725] (-) TimerEvent: {}
[38.403129] (-) TimerEvent: {}
[38.503532] (-) TimerEvent: {}
[38.603929] (-) TimerEvent: {}
[38.704343] (-) TimerEvent: {}
[38.804732] (-) TimerEvent: {}
[38.905125] (-) TimerEvent: {}
[39.005533] (-) TimerEvent: {}
[39.107308] (-) TimerEvent: {}
[39.207718] (-) TimerEvent: {}
[39.308133] (-) TimerEvent: {}
[39.408514] (-) TimerEvent: {}
[39.508896] (-) TimerEvent: {}
[39.609275] (-) TimerEvent: {}
[39.709638] (-) TimerEvent: {}
[39.810022] (-) TimerEvent: {}
[39.910398] (-) TimerEvent: {}
[40.010771] (-) TimerEvent: {}
[40.111287] (-) TimerEvent: {}
[40.211676] (-) TimerEvent: {}
[40.312237] (-) TimerEvent: {}
[40.412767] (-) TimerEvent: {}
[40.513305] (-) TimerEvent: {}
[40.613691] (-) TimerEvent: {}
[40.714200] (-) TimerEvent: {}
[40.814783] (-) TimerEvent: {}
[40.915379] (-) TimerEvent: {}
[41.015845] (-) TimerEvent: {}
[41.116236] (-) TimerEvent: {}
[41.216598] (-) TimerEvent: {}
[41.316967] (-) TimerEvent: {}
[41.417343] (-) TimerEvent: {}
[41.517700] (-) TimerEvent: {}
[41.618069] (-) TimerEvent: {}
[41.718424] (-) TimerEvent: {}
[41.818795] (-) TimerEvent: {}
[41.919187] (-) TimerEvent: {}
[42.019551] (-) TimerEvent: {}
[42.119936] (-) TimerEvent: {}
[42.220312] (-) TimerEvent: {}
[42.320648] (-) TimerEvent: {}
[42.421029] (-) TimerEvent: {}
[42.521401] (-) TimerEvent: {}
[42.621779] (-) TimerEvent: {}
[42.722188] (-) TimerEvent: {}
[42.822589] (-) TimerEvent: {}
[42.923049] (-) TimerEvent: {}
[43.023416] (-) TimerEvent: {}
[43.123779] (-) TimerEvent: {}
[43.224169] (-) TimerEvent: {}
[43.324535] (-) TimerEvent: {}
[43.424887] (-) TimerEvent: {}
[43.525257] (-) TimerEvent: {}
[43.625628] (-) TimerEvent: {}
[43.725980] (-) TimerEvent: {}
[43.826344] (-) TimerEvent: {}
[43.926698] (-) TimerEvent: {}
[44.027128] (-) TimerEvent: {}
[44.127663] (-) TimerEvent: {}
[44.179964] (lslidar_driver) StderrLine: {'line': b'\x1b[01m\x1b[K/home/pi/Desktop/robot_move/my_base_learn/src/lslidar_driver/LSLIDAR_X_ROS2-20240228/src/lslidar_driver/src/lslidar_driver.cc:\x1b[m\x1b[K In member function \xe2\x80\x98\x1b[01m\x1b[Kbool lslidar_driver::LslidarDriver::\x1b[01;32m\x1b[Kpolling\x1b[m\x1b[K()\x1b[m\x1b[K\xe2\x80\x99:\n'}
[44.180338] (lslidar_driver) StderrLine: {'line': b'\x1b[01m\x1b[K/home/pi/Desktop/robot_move/my_base_learn/src/lslidar_driver/LSLIDAR_X_ROS2-20240228/src/lslidar_driver/src/lslidar_driver.cc:1293:24:\x1b[m\x1b[K \x1b[01;35m\x1b[Kwarning: \x1b[m\x1b[K\xe2\x80\x98\x1b[01m\x1b[Kvoid\x1b[01;32m\x1b[K operator delete\x1b[m\x1b[K(void*, std::size_t)\x1b[m\x1b[K\xe2\x80\x99 called on pointer returned from a mismatched allocation function [\x1b[01;35m\x1b[K\x1b]8;;https://gcc.gnu.org/onlinedocs/gcc/Warning-Options.html#index-Wmismatched-new-delete\x07-Wmismatched-new-delete\x1b]8;;\x07\x1b[m\x1b[K]\n'}
[44.180460] (lslidar_driver) StderrLine: {'line': b' 1293 |                 delete \x1b[01;35m\x1b[Kpacket_bytes\x1b[m\x1b[K;\n'}
[44.180557] (lslidar_driver) StderrLine: {'line': b'      |                        \x1b[01;35m\x1b[K^~~~~~~~~~~~\x1b[m\x1b[K\n'}
[44.180646] (lslidar_driver) StderrLine: {'line': b'\x1b[01m\x1b[K/home/pi/Desktop/robot_move/my_base_learn/src/lslidar_driver/LSLIDAR_X_ROS2-20240228/src/lslidar_driver/src/lslidar_driver.cc:1150:68:\x1b[m\x1b[K \x1b[01;36m\x1b[Knote: \x1b[m\x1b[Kreturned from \xe2\x80\x98\x1b[01m\x1b[Kvoid*\x1b[01;32m\x1b[K operator new []\x1b[m\x1b[K(std::size_t)\x1b[m\x1b[K\xe2\x80\x99\n'}
[44.180744] (lslidar_driver) StderrLine: {'line': b' 1150 |                 unsigned char *packet_bytes = new unsigned char[500\x1b[01;36m\x1b[K]\x1b[m\x1b[K;\n'}
[44.180832] (lslidar_driver) StderrLine: {'line': b'      |                                                                    \x1b[01;36m\x1b[K^\x1b[m\x1b[K\n'}
[44.227772] (-) TimerEvent: {}
[44.328126] (-) TimerEvent: {}
[44.428483] (-) TimerEvent: {}
[44.528827] (-) TimerEvent: {}
[44.629195] (-) TimerEvent: {}
[44.729541] (-) TimerEvent: {}
[44.829891] (-) TimerEvent: {}
[44.930268] (-) TimerEvent: {}
[45.030631] (-) TimerEvent: {}
[45.131026] (-) TimerEvent: {}
[45.231381] (-) TimerEvent: {}
[45.331737] (-) TimerEvent: {}
[45.432096] (-) TimerEvent: {}
[45.532453] (-) TimerEvent: {}
[45.632807] (-) TimerEvent: {}
[45.733178] (-) TimerEvent: {}
[45.833531] (-) TimerEvent: {}
[45.933887] (-) TimerEvent: {}
[46.034250] (-) TimerEvent: {}
[46.134600] (-) TimerEvent: {}
[46.234946] (-) TimerEvent: {}
[46.335328] (-) TimerEvent: {}
[46.435679] (-) TimerEvent: {}
[46.536029] (-) TimerEvent: {}
[46.636385] (-) TimerEvent: {}
[46.736736] (-) TimerEvent: {}
[46.837082] (-) TimerEvent: {}
[46.937434] (-) TimerEvent: {}
[47.037826] (-) TimerEvent: {}
[47.138198] (-) TimerEvent: {}
[47.238541] (-) TimerEvent: {}
[47.338890] (-) TimerEvent: {}
[47.439258] (-) TimerEvent: {}
[47.539604] (-) TimerEvent: {}
[47.639941] (-) TimerEvent: {}
[47.740296] (-) TimerEvent: {}
[47.840644] (-) TimerEvent: {}
[47.940995] (-) TimerEvent: {}
[48.041352] (-) TimerEvent: {}
[48.141702] (-) TimerEvent: {}
[48.242056] (-) TimerEvent: {}
[48.342397] (-) TimerEvent: {}
[48.442734] (-) TimerEvent: {}
[48.543078] (-) TimerEvent: {}
[48.643437] (-) TimerEvent: {}
[48.743841] (-) TimerEvent: {}
[48.844264] (-) TimerEvent: {}
[48.944652] (-) TimerEvent: {}
[49.045071] (-) TimerEvent: {}
[49.145501] (-) TimerEvent: {}
[49.245903] (-) TimerEvent: {}
[49.346318] (-) TimerEvent: {}
[49.446744] (-) TimerEvent: {}
[49.547212] (-) TimerEvent: {}
[49.647576] (-) TimerEvent: {}
[49.747952] (-) TimerEvent: {}
[49.848322] (-) TimerEvent: {}
[49.948711] (-) TimerEvent: {}
[50.049082] (-) TimerEvent: {}
[50.149472] (-) TimerEvent: {}
[50.249895] (-) TimerEvent: {}
[50.350341] (-) TimerEvent: {}
[50.450982] (-) TimerEvent: {}
[50.521522] (lslidar_driver) StdoutLine: {'line': b'[100%] \x1b[32m\x1b[1mLinking CXX executable lslidar_driver_node\x1b[0m\n'}
[50.551097] (-) TimerEvent: {}
[50.651503] (-) TimerEvent: {}
[50.751954] (-) TimerEvent: {}
[50.852482] (-) TimerEvent: {}
[50.953316] (-) TimerEvent: {}
[51.053988] (-) TimerEvent: {}
[51.154841] (-) TimerEvent: {}
[51.255636] (-) TimerEvent: {}
[51.356232] (-) TimerEvent: {}
[51.456965] (-) TimerEvent: {}
[51.557780] (-) TimerEvent: {}
[51.658586] (-) TimerEvent: {}
[51.759134] (-) TimerEvent: {}
[51.859780] (-) TimerEvent: {}
[51.960289] (-) TimerEvent: {}
[52.060746] (-) TimerEvent: {}
[52.161281] (-) TimerEvent: {}
[52.261798] (-) TimerEvent: {}
[52.362347] (-) TimerEvent: {}
[52.462912] (-) TimerEvent: {}
[52.563363] (-) TimerEvent: {}
[52.663834] (-) TimerEvent: {}
[52.764283] (-) TimerEvent: {}
[52.864947] (-) TimerEvent: {}
[52.965504] (-) TimerEvent: {}
[53.066356] (-) TimerEvent: {}
[53.167041] (-) TimerEvent: {}
[53.267504] (-) TimerEvent: {}
[53.368182] (-) TimerEvent: {}
[53.468737] (-) TimerEvent: {}
[53.569097] (-) TimerEvent: {}
[53.669450] (-) TimerEvent: {}
[53.769777] (-) TimerEvent: {}
[53.806507] (lslidar_driver) StdoutLine: {'line': b'[100%] Built target lslidar_driver_node\n'}
[53.833359] (lslidar_driver) CommandEnded: {'returncode': 0}
[53.834359] (lslidar_driver) JobProgress: {'identifier': 'lslidar_driver', 'progress': 'install'}
[53.834731] (lslidar_driver) Command: {'cmd': ['/usr/bin/cmake', '--install', '/home/pi/Desktop/robot_move/build/lslidar_driver'], 'cwd': '/home/pi/Desktop/robot_move/build/lslidar_driver', 'env': OrderedDict({'USER': 'pi', 'SSH_CLIENT': '172.20.0.79 61948 22', 'XDG_SESSION_TYPE': 'tty', 'GIT_ASKPASS': '/home/pi/.vscode-server/cli/servers/Stable-8761a5560cfd65fdd19ce7e2bd18dab5c0a4d84e/server/extensions/git/dist/askpass.sh', 'SHLVL': '1', 'LD_LIBRARY_PATH': '/home/pi/Desktop/robot_move/install/lslidar_msgs/lib:/home/pi/Desktop/robot_move/my_base_learn/install/lslidar_msgs/lib:/opt/ros/jazzy/opt/rviz_ogre_vendor/lib:/opt/ros/jazzy/lib/aarch64-linux-gnu:/opt/ros/jazzy/opt/gz_math_vendor/lib:/opt/ros/jazzy/opt/gz_utils_vendor/lib:/opt/ros/jazzy/opt/gz_cmake_vendor/lib:/opt/ros/jazzy/lib', 'BROWSER': '/home/pi/.vscode-server/cli/servers/Stable-8761a5560cfd65fdd19ce7e2bd18dab5c0a4d84e/server/bin/helpers/browser.sh', 'HOME': '/home/pi', 'OLDPWD': '/home/pi/.vscode-server', 'TERM_PROGRAM_VERSION': '1.122.1', 'VSCODE_IPC_HOOK_CLI': '/run/user/1002/vscode-ipc-804e5c9b-6341-4a90-9e9c-12e77a891ac8.sock', 'ROS_PYTHON_VERSION': '3', 'VSCODE_GIT_ASKPASS_MAIN': '/home/pi/.vscode-server/cli/servers/Stable-8761a5560cfd65fdd19ce7e2bd18dab5c0a4d84e/server/extensions/git/dist/askpass-main.js', 'VSCODE_GIT_ASKPASS_NODE': '/home/pi/.vscode-server/cli/servers/Stable-8761a5560cfd65fdd19ce7e2bd18dab5c0a4d84e/server/node', 'VSCODE_PYTHON_AUTOACTIVATE_GUARD': '1', 'DBUS_SESSION_BUS_ADDRESS': 'unix:path=/run/user/1002/bus', 'COLORTERM': 'truecolor', 'DEBUGINFOD_URLS': 'https://debuginfod.ubuntu.com', 'COLCON_PREFIX_PATH': '/home/pi/Desktop/robot_move/my_base_learn/install', 'ROS_DISTRO': 'jazzy', 'LOGNAME': 'pi', '_': '/usr/bin/colcon', 'ROS_VERSION': '2', 'XDG_SESSION_CLASS': 'user', 'TERM': 'xterm-256color', 'XDG_SESSION_ID': '4', 'PATH': '/home/pi/.vscode-server/cli/servers/Stable-8761a5560cfd65fdd19ce7e2bd18dab5c0a4d84e/server/bin/remote-cli:/opt/ros/jazzy/bin:/usr/local/sbin:/usr/local/bin:/usr/sbin:/usr/bin:/sbin:/bin:/usr/games:/usr/local/games:/snap/bin', 'XDG_RUNTIME_DIR': '/run/user/1002', 'LANG': 'en_US.UTF-8', 'VSCODE_GIT_IPC_HANDLE': '/run/user/1002/vscode-git-c742cdeaad.sock', 'TERM_PROGRAM': 'vscode', 'AMENT_PREFIX_PATH': '/home/pi/Desktop/robot_move/install/lslidar_msgs:/home/pi/Desktop/robot_move/my_base_learn/install/tbot_description:/home/pi/Desktop/robot_move/my_base_learn/install/robot_control:/home/pi/Desktop/robot_move/my_base_learn/install/my_base:/home/pi/Desktop/robot_move/my_base_learn/install/lslidar_driver:/home/pi/Desktop/robot_move/my_base_learn/install/lslidar_msgs:/home/pi/Desktop/robot_move/my_base_learn/install/lidar_test:/opt/ros/jazzy', 'SHELL': '/bin/bash', 'ROS_AUTOMATIC_DISCOVERY_RANGE': 'SUBNET', 'VSCODE_GIT_ASKPASS_EXTRA_ARGS': '', 'PWD': '/home/pi/Desktop/robot_move/build/lslidar_driver', 'LC_ALL': 'en_US.UTF-8', 'SSH_CONNECTION': '172.20.0.79 61948 172.20.1.242 22', 'XDG_DATA_DIRS': '/usr/share/gnome:/usr/local/share:/usr/share:/var/lib/snapd/desktop', 'PYTHONPATH': '/home/pi/Desktop/robot_move/install/lslidar_msgs/lib/python3.12/site-packages:/home/pi/Desktop/robot_move/my_base_learn/install/robot_control/lib/python3.12/site-packages:/home/pi/Desktop/robot_move/my_base_learn/install/lslidar_msgs/lib/python3.12/site-packages:/home/pi/Desktop/robot_move/my_base_learn/install/lidar_test/lib/python3.12/site-packages:/opt/ros/jazzy/lib/python3.12/site-packages', 'COLCON': '1', 'CMAKE_PREFIX_PATH': '/home/pi/Desktop/robot_move/install/lslidar_msgs:/home/pi/Desktop/robot_move/my_base_learn/install/tbot_description:/home/pi/Desktop/robot_move/my_base_learn/install/my_base:/home/pi/Desktop/robot_move/my_base_learn/install/lslidar_driver:/home/pi/Desktop/robot_move/my_base_learn/install/lslidar_msgs:/opt/ros/jazzy/opt/gz_math_vendor:/opt/ros/jazzy/opt/gz_utils_vendor:/opt/ros/jazzy/opt/gz_cmake_vendor:/home/pi/Desktop/robot_move/my_base_learn/install/robot_control:/home/pi/Desktop/robot_move/my_base_learn/install/lidar_test:/opt/ros/jazzy'}), 'shell': False}
[53.852910] (lslidar_driver) StdoutLine: {'line': b'-- Install configuration: ""\n'}
[53.853208] (lslidar_driver) StdoutLine: {'line': b'-- Installing: /home/pi/Desktop/robot_move/install/lslidar_driver/share/lslidar_driver/launch\n'}
[53.853364] (lslidar_driver) StdoutLine: {'line': b'-- Installing: /home/pi/Desktop/robot_move/install/lslidar_driver/share/lslidar_driver/launch/lslidar_double_launch.py\n'}
[53.864515] (lslidar_driver) StdoutLine: {'line': b'-- Installing: /home/pi/Desktop/robot_move/install/lslidar_driver/share/lslidar_driver/launch/lsn10p_launch.py\n'}
[53.869843] (-) TimerEvent: {}
[53.875730] (lslidar_driver) StdoutLine: {'line': b'-- Installing: /home/pi/Desktop/robot_move/install/lslidar_driver/share/lslidar_driver/launch/viewer_scan_launch.py\n'}
[53.879239] (lslidar_driver) StdoutLine: {'line': b'-- Installing: /home/pi/Desktop/robot_move/install/lslidar_driver/share/lslidar_driver/params\n'}
[53.879491] (lslidar_driver) StdoutLine: {'line': b'-- Installing: /home/pi/Desktop/robot_move/install/lslidar_driver/share/lslidar_driver/params/lidar_uart_ros2\n'}
[53.879678] (lslidar_driver) StdoutLine: {'line': b'-- Installing: /home/pi/Desktop/robot_move/install/lslidar_driver/share/lslidar_driver/params/lidar_uart_ros2/lsn10.yaml\n'}
[53.883566] (lslidar_driver) StdoutLine: {'line': b'-- Installing: /home/pi/Desktop/robot_move/install/lslidar_driver/share/lslidar_driver/params/lidar_uart_ros2/lsn10p.yaml\n'}
[53.885207] (lslidar_driver) StdoutLine: {'line': b'-- Installing: /home/pi/Desktop/robot_move/install/lslidar_driver/share/lslidar_driver/rviz\n'}
[53.885421] (lslidar_driver) StdoutLine: {'line': b'-- Installing: /home/pi/Desktop/robot_move/install/lslidar_driver/share/lslidar_driver/rviz/lslidar.rviz\n'}
[53.890481] (lslidar_driver) StdoutLine: {'line': b'-- Installing: /home/pi/Desktop/robot_move/install/lslidar_driver/lib/lslidar_driver/lslidar_driver_node\n'}
[53.909923] (lslidar_driver) StdoutLine: {'line': b'-- Set non-toolchain portion of runtime path of "/home/pi/Desktop/robot_move/install/lslidar_driver/lib/lslidar_driver/lslidar_driver_node" to ""\n'}
[53.910307] (lslidar_driver) StdoutLine: {'line': b'-- Installing: /home/pi/Desktop/robot_move/install/lslidar_driver/share/ament_index/resource_index/package_run_dependencies/lslidar_driver\n'}
[53.910526] (lslidar_driver) StdoutLine: {'line': b'-- Installing: /home/pi/Desktop/robot_move/install/lslidar_driver/share/ament_index/resource_index/parent_prefix_path/lslidar_driver\n'}
[53.910691] (lslidar_driver) StdoutLine: {'line': b'-- Installing: /home/pi/Desktop/robot_move/install/lslidar_driver/share/lslidar_driver/environment/ament_prefix_path.sh\n'}
[53.910824] (lslidar_driver) StdoutLine: {'line': b'-- Installing: /home/pi/Desktop/robot_move/install/lslidar_driver/share/lslidar_driver/environment/ament_prefix_path.dsv\n'}
[53.910937] (lslidar_driver) StdoutLine: {'line': b'-- Installing: /home/pi/Desktop/robot_move/install/lslidar_driver/share/lslidar_driver/environment/path.sh\n'}
[53.911069] (lslidar_driver) StdoutLine: {'line': b'-- Installing: /home/pi/Desktop/robot_move/install/lslidar_driver/share/lslidar_driver/environment/path.dsv\n'}
[53.911197] (lslidar_driver) StdoutLine: {'line': b'-- Installing: /home/pi/Desktop/robot_move/install/lslidar_driver/share/lslidar_driver/local_setup.bash\n'}
[53.913159] (lslidar_driver) StdoutLine: {'line': b'-- Installing: /home/pi/Desktop/robot_move/install/lslidar_driver/share/lslidar_driver/local_setup.sh\n'}
[53.913394] (lslidar_driver) StdoutLine: {'line': b'-- Installing: /home/pi/Desktop/robot_move/install/lslidar_driver/share/lslidar_driver/local_setup.zsh\n'}
[53.913529] (lslidar_driver) StdoutLine: {'line': b'-- Installing: /home/pi/Desktop/robot_move/install/lslidar_driver/share/lslidar_driver/local_setup.dsv\n'}
[53.913629] (lslidar_driver) StdoutLine: {'line': b'-- Installing: /home/pi/Desktop/robot_move/install/lslidar_driver/share/lslidar_driver/package.dsv\n'}
[53.913723] (lslidar_driver) StdoutLine: {'line': b'-- Installing: /home/pi/Desktop/robot_move/install/lslidar_driver/share/ament_index/resource_index/packages/lslidar_driver\n'}
[53.913818] (lslidar_driver) StdoutLine: {'line': b'-- Installing: /home/pi/Desktop/robot_move/install/lslidar_driver/share/lslidar_driver/cmake/ament_cmake_export_dependencies-extras.cmake\n'}
[53.913918] (lslidar_driver) StdoutLine: {'line': b'-- Installing: /home/pi/Desktop/robot_move/install/lslidar_driver/share/lslidar_driver/cmake/lslidar_driverConfig.cmake\n'}
[53.914048] (lslidar_driver) StdoutLine: {'line': b'-- Installing: /home/pi/Desktop/robot_move/install/lslidar_driver/share/lslidar_driver/cmake/lslidar_driverConfig-version.cmake\n'}
[53.914178] (lslidar_driver) StdoutLine: {'line': b'-- Installing: /home/pi/Desktop/robot_move/install/lslidar_driver/share/lslidar_driver/package.xml\n'}
[53.916356] (lslidar_driver) CommandEnded: {'returncode': 0}
[53.940913] (lslidar_driver) JobEnded: {'identifier': 'lslidar_driver', 'rc': 0}
[53.942200] (-) EventReactorShutdown: {}
